"snap_date","team_id","player_id","games_played","mins_played","starts","subbed_on","subbed_off","goals_conceded","saves","catches","punches","goals","penalties","mins_per_goal","shots_on_target","shooting_accuracy","successful_crosses","crossing_accuracy","assists","key_passes","penalties_won","offsides","tackles_won","tackles_success_rate","clearances","blocks","interceptions","successful_passes","passing_accuracy","passing_accuracy_in_opponents_half","successful_dribbles","fouls_won","fouls_conceded","penalties_conceded","yellow_cards","red_cards"
2025-07-15,106,6247,13,1170,13,0,0,20,0,0,0,0,0,"NA",0,"NA",5,"25.0",3,18,1,1,24,"66.7",32,2,10,334,"77.1","59.0",8,22,24,0,2,0
2025-07-15,106,6250,11,528,4,7,4,12,0,0,0,1,0,"528.0",6,"75.0",0,"0.0",0,1,1,1,7,"77.8",6,0,2,74,"72.5","57.7",8,9,10,0,3,0
2025-07-15,106,6253,9,652,8,1,5,13,0,0,0,0,0,"NA",2,"28.6",2,"40.0",0,8,0,0,2,"50.0",1,0,5,245,"86.9","80.5",5,5,6,0,1,0
2025-07-15,106,6263,0,0,0,0,0,0,0,0,0,0,0,"NA",0,"NA",0,"NA",0,0,0,0,0,"NA",0,0,0,0,"NA","NA",0,0,0,0,0,0
2025-07-15,106,6252,13,1083,12,1,3,18,0,0,0,4,0,"270.8",8,"38.1",0,"0.0",2,9,0,7,2,"50.0",5,0,4,102,"64.2","56.1",5,23,23,0,4,0
2025-07-15,106,6262,8,351,5,3,3,9,0,0,0,0,0,"NA",0,"0.0",0,"0.0",0,1,0,0,5,"83.3",21,1,4,174,"78.7","55.7",2,4,10,0,1,1
2025-07-15,106,6264,10,415,4,6,2,8,0,0,0,5,2,"83.0",9,"52.9",0,"0.0",0,6,0,1,3,"50.0",6,0,3,47,"62.7","50.0",3,9,9,0,1,0
2025-07-15,106,6255,12,915,10,2,0,14,0,0,0,0,0,"NA",1,"16.7",0,"NA",1,2,0,0,3,"50.0",61,8,7,349,"77.6","54.9",2,8,9,0,0,1
2025-07-15,106,6258,0,0,0,0,0,0,0,0,0,0,0,"NA",0,"NA",0,"NA",0,0,0,0,0,"NA",0,0,0,0,"NA","NA",0,0,0,0,0,0
2025-07-15,106,6267,11,766,10,1,7,12,0,0,0,0,0,"NA",0,"0.0",0,"NA",0,1,0,0,6,"40.0",17,2,24,248,"87.0","76.3",2,12,15,0,4,0
2025-07-15,106,6417,1,53,1,0,1,0,0,0,0,0,0,"NA",0,"NA",0,"NA",0,0,0,0,1,"50.0",0,0,0,34,"91.9","83.3",0,1,1,0,0,0
2025-07-15,106,6257,10,448,4,6,5,6,0,0,0,1,0,"448.0",2,"66.7",1,"25.0",1,0,0,0,2,"100.0",3,1,4,74,"74.7","70.5",2,7,13,0,1,0
2025-07-15,106,6249,12,775,8,4,2,15,0,0,0,0,0,"NA",0,"NA",0,"NA",0,1,0,0,12,"75.0",15,4,8,210,"84.3","78.7",2,7,17,0,3,1
2025-07-15,106,6251,6,305,3,3,1,6,0,0,0,0,0,"NA",0,"NA",0,"NA",0,0,0,0,2,"28.6",6,0,2,94,"83.9","77.4",1,1,2,0,0,0
2025-07-15,106,6254,10,697,9,1,4,13,0,0,0,1,1,"697.0",8,"72.7",2,"22.2",1,7,0,6,2,"66.7",3,0,2,94,"70.7","59.0",14,13,6,0,0,0
2025-07-15,106,6266,11,414,4,7,2,4,0,0,0,0,0,"NA",0,"0.0",2,"20.0",0,6,0,1,8,"88.9",2,0,4,49,"62.0","56.3",5,13,21,0,2,1
2025-07-15,106,6256,2,94,2,0,2,3,0,0,0,0,0,"NA",0,"NA",0,"NA",0,0,0,0,1,"100.0",1,1,1,9,"69.2","80.0",0,1,0,0,0,0
2025-07-15,106,6260,10,810,9,1,1,10,0,0,0,1,0,"810.0",3,"33.3",0,"NA",0,1,1,0,7,"77.8",35,1,0,267,"76.1","59.4",1,6,6,0,0,0
2025-07-15,106,6261,0,0,0,0,0,0,0,0,0,0,0,"NA",0,"NA",0,"NA",0,0,0,0,0,"NA",0,0,0,0,"NA","NA",0,0,0,0,0,0
2025-07-15,106,6259,11,989,11,0,0,15,0,0,0,0,0,"NA",0,"0.0",13,"20.6",2,16,0,0,13,"68.4",26,2,15,309,"78.6","57.4",19,18,11,0,1,1
2025-07-15,106,6248,13,1164,13,0,1,20,0,0,0,2,0,"582.0",2,"40.0",0,"NA",0,3,0,0,8,"53.3",57,9,12,433,"78.4","60.0",6,15,16,1,1,0
2025-07-15,106,6265,13,1170,13,0,0,20,0,0,0,0,0,"NA",0,"NA",0,"NA",0,0,0,0,1,"50.0",4,0,0,218,"63.9","29.5",0,3,0,0,4,0
2025-07-15,123,6416,5,385,4,1,3,4,0,0,0,0,0,"NA",0,"0.0",1,"16.7",1,5,0,2,2,"25.0",2,0,1,104,"80.6","73.6",8,2,4,0,0,0
2025-07-15,123,6402,15,1046,12,3,5,18,0,0,0,3,0,"348.7",9,"31.0",1,"16.7",0,8,1,4,9,"75.0",13,4,5,152,"75.6","66.7",2,22,21,0,4,0
2025-07-15,123,6415,6,540,6,0,0,8,0,0,0,0,0,"NA",0,"NA",0,"NA",0,0,0,0,0,"NA",4,0,0,101,"70.1","18.6",0,2,0,0,0,0
2025-07-15,123,6401,15,1132,13,2,4,23,0,0,0,1,0,"1132.0",7,"63.6",3,"10.3",3,18,0,1,5,"55.6",8,2,5,417,"83.9","76.9",8,7,18,0,5,0
2025-07-15,123,6404,12,899,12,0,8,15,0,0,0,1,0,"899.0",4,"40.0",8,"18.6",0,13,0,0,11,"73.3",17,2,4,270,"78.7","61.0",5,19,11,2,1,0
2025-07-15,123,6395,9,810,9,0,0,17,24,4,4,0,0,"NA",0,"NA",0,"NA",0,0,0,0,0,"NA",11,0,0,162,"77.1","33.3",0,0,0,0,0,0
2025-07-15,123,6396,14,1095,12,2,2,19,0,0,0,0,0,"NA",0,"0.0",0,"NA",0,2,0,0,2,"28.6",88,10,10,601,"85.0","76.1",1,9,7,0,1,0
2025-07-15,123,6406,13,1020,12,1,5,17,0,0,0,1,0,"1020.0",2,"66.7",0,"0.0",1,4,0,1,24,"77.4",7,0,11,452,"88.3","86.0",11,4,17,0,2,0
2025-07-15,123,6418,1,1,0,1,0,0,0,0,0,0,0,"NA",0,"NA",0,"NA",0,0,0,0,0,"NA",0,0,0,0,"NA","NA",0,0,0,0,0,0
2025-07-15,123,6403,8,461,5,3,4,14,0,0,0,1,1,"461.0",4,"57.1",2,"20.0",1,9,1,0,8,"72.7",9,2,3,142,"80.7","69.8",2,9,12,0,0,0
2025-07-15,123,6412,15,1222,13,2,2,23,0,0,0,1,0,"1222.0",3,"50.0",7,"50.0",0,6,0,0,7,"53.8",50,4,10,628,"83.7","73.2",5,24,20,1,3,0
2025-07-15,123,6398,9,596,6,3,1,9,0,0,0,0,0,"NA",0,"0.0",4,"44.4",3,12,0,0,5,"55.6",7,0,1,285,"82.6","72.9",2,9,4,0,1,0
2025-07-15,123,6397,9,611,7,2,0,13,0,0,0,0,0,"NA",2,"100.0",0,"NA",0,2,0,0,2,"50.0",53,12,6,268,"78.8","59.3",1,6,8,0,3,1
2025-07-15,123,6399,6,538,6,0,1,9,0,0,0,0,0,"NA",4,"40.0",4,"40.0",0,10,0,0,3,"75.0",4,1,0,223,"83.2","72.2",3,12,7,0,2,0
2025-07-15,123,6407,11,273,3,8,3,7,0,0,0,1,0,"273.0",3,"60.0",1,"25.0",1,3,0,1,2,"100.0",7,1,1,75,"80.6","74.5",6,3,2,0,0,0
2025-07-16,123,6408,9,121,1,8,1,1,0,0,0,0,0,"NA",0,"0.0",0,"NA",2,0,0,0,1,"33.3",0,0,1,15,"62.5","61.1",0,1,1,0,0,0
2025-07-16,123,6400,7,552,6,1,2,12,0,0,0,1,0,"552.0",4,"40.0",5,"41.7",1,7,0,0,5,"55.6",6,0,4,82,"81.2","73.1",13,17,11,0,3,0
2025-07-16,123,6411,15,1191,14,1,6,18,0,0,0,5,0,"238.2",9,"39.1",3,"50.0",0,8,0,6,5,"83.3",3,1,1,143,"72.2","68.6",9,16,26,0,5,0
2025-07-16,123,6419,2,77,1,1,1,1,0,0,0,0,0,"NA",0,"0.0",2,"100.0",0,2,0,0,1,"33.3",1,0,0,32,"88.9","83.3",0,0,3,0,0,0
2025-07-16,123,6409,8,147,0,8,0,2,0,0,0,0,0,"NA",0,"0.0",1,"50.0",0,4,0,0,6,"66.7",7,0,1,38,"66.7","60.6",3,0,2,0,0,0
2025-07-16,123,6405,12,888,10,2,5,16,0,0,0,0,0,"NA",2,"66.7",2,"15.4",1,5,0,0,12,"66.7",22,5,17,316,"81.7","69.9",3,4,8,0,0,0
2025-07-16,123,6420,6,150,1,5,0,6,0,0,0,0,0,"NA",1,"100.0",1,"100.0",0,2,0,0,0,"0.0",0,1,0,65,"74.7","63.8",0,5,3,0,1,0
2025-07-16,123,6410,13,1060,12,1,2,21,0,0,0,1,0,"1060.0",1,"50.0",6,"30.0",0,8,0,0,14,"66.7",57,6,9,530,"84.9","73.3",2,9,20,1,3,1
2025-07-16,104,6234,10,855,10,0,1,8,0,0,0,1,0,"855.0",3,"50.0",0,"0.0",1,3,1,1,9,"50.0",70,6,9,244,"68.3","50.6",4,23,22,0,2,0
2025-07-16,104,6244,5,85,0,5,0,1,0,0,0,0,0,"NA",0,"NA",0,"0.0",0,0,0,0,1,"100.0",0,0,0,27,"77.1","71.4",1,1,1,0,0,0
2025-07-16,104,6228,1,3,0,1,0,0,0,0,0,0,0,"NA",0,"NA",0,"NA",0,0,0,0,0,"NA",0,0,0,1,"33.3","100.0",0,0,0,0,0,0
2025-07-16,104,6230,12,985,11,1,2,11,0,0,0,8,4,"123.1",15,"50.0",2,"18.2",1,11,1,2,5,"100.0",2,1,4,116,"59.2","54.5",10,16,14,0,1,0
2025-07-16,104,6245,13,1057,12,1,3,11,0,0,0,0,0,"NA",0,"0.0",0,"NA",0,0,0,2,8,"80.0",56,8,14,272,"81.0","55.3",0,28,15,2,4,0
2025-07-16,104,6238,14,945,11,3,6,9,0,0,0,0,0,"NA",4,"50.0",4,"23.5",1,15,0,2,10,"50.0",11,0,9,223,"68.8","59.0",3,10,16,0,4,0
2025-07-16,104,6236,11,722,10,1,9,6,0,0,0,2,0,"361.0",5,"55.6",1,"11.1",1,12,0,0,11,"73.3",5,0,7,127,"68.3","61.0",12,8,12,0,2,0
2025-07-16,104,6224,13,1076,13,0,4,12,0,0,0,1,0,"1076.0",2,"18.2",7,"22.6",1,7,1,3,15,"62.5",34,2,11,184,"68.9","53.1",8,18,16,0,2,1
2025-07-16,104,6227,14,1216,14,0,3,13,0,0,0,0,0,"NA",4,"36.4",0,"0.0",0,5,0,0,14,"48.3",23,4,13,268,"74.9","66.7",12,18,21,1,3,0
2025-07-16,104,6421,2,180,2,0,0,2,2,1,0,0,0,"NA",0,"NA",0,"NA",0,0,0,0,0,"NA",2,0,0,34,"63.0","22.7",0,0,0,0,0,0
2025-07-16,104,6231,12,516,5,8,5,5,0,0,0,2,0,"258.0",4,"57.1",0,"0.0",1,2,0,0,5,"38.5",3,0,4,77,"67.5","62.1",9,6,3,0,0,0
2025-07-16,104,6241,15,520,4,11,4,10,0,0,0,2,0,"260.0",6,"75.0",3,"17.6",2,8,0,1,7,"58.3",5,3,8,101,"75.9","60.3",4,14,15,0,0,0
2025-07-16,104,6422,0,0,0,0,0,0,0,0,0,0,0,"NA",0,"NA",0,"NA",0,0,0,0,0,"NA",0,0,0,0,"NA","NA",0,0,0,0,0,0
2025-07-16,104,6242,0,0,0,0,0,0,0,0,0,0,0,"NA",0,"NA",0,"NA",0,0,0,0,0,"NA",0,0,0,0,"NA","NA",0,0,0,0,0,0
2025-07-16,104,6237,11,355,3,8,3,3,0,0,0,1,0,"355.0",4,"57.1",0,"0.0",0,2,0,0,2,"66.7",5,3,0,63,"61.8","58.4",2,7,7,0,0,0
2025-07-16,104,6246,12,1080,12,0,0,12,23,10,5,0,0,"NA",0,"NA",0,"NA",0,1,0,0,0,"NA",14,0,0,140,"50.7","24.1",0,4,0,0,0,0
2025-07-16,104,6225,9,474,4,5,1,5,0,0,0,0,0,"NA",0,"0.0",0,"0.0",1,2,0,0,4,"80.0",41,3,4,99,"76.2","57.4",0,9,12,0,4,0
2025-07-16,104,6233,12,1035,11,1,0,11,0,0,0,1,0,"1035.0",4,"80.0",7,"50.0",2,14,0,0,8,"50.0",53,6,8,311,"69.0","59.8",0,15,10,0,1,0
2025-07-16,104,6235,6,123,1,5,1,3,0,0,0,1,0,"123.0",1,"50.0",0,"0.0",0,0,0,0,2,"100.0",3,0,2,30,"78.9","65.2",1,1,1,0,0,0
2025-07-16,104,6423,10,560,5,5,1,8,0,0,0,1,0,"560.0",3,"37.5",1,"25.0",1,5,0,0,13,"72.2",14,1,6,177,"79.4","71.9",3,0,17,0,3,0
2025-07-16,104,6243,11,874,10,1,3,10,0,0,0,0,0,"NA",0,"0.0",10,"27.8",3,9,1,0,14,"56.0",25,2,10,184,"72.2","57.2",1,19,22,0,2,0
2025-07-16,104,6232,8,596,7,1,3,8,0,0,0,0,0,"NA",0,"0.0",3,"18.8",0,2,0,4,9,"81.8",15,1,2,94,"65.7","53.8",2,5,9,0,1,0
2025-07-16,108,6311,10,566,8,2,8,6,0,0,0,0,0,"NA",4,"50.0",0,"0.0",2,2,0,2,3,"75.0",3,0,0,71,"65.7","57.5",2,6,15,0,0,0
2025-07-16,104,6240,3,154,2,1,2,3,0,0,0,0,0,"NA",0,"0.0",0,"NA",0,0,0,0,0,"NA",0,0,0,12,"63.2","61.1",0,0,4,0,1,0
2025-07-16,104,6229,8,291,3,5,3,5,0,0,0,1,0,"291.0",2,"40.0",0,"0.0",1,11,0,2,7,"70.0",2,0,1,79,"71.2","61.3",8,6,9,0,0,0
2025-07-16,113,6386,3,74,0,3,0,2,0,0,0,0,0,"NA",0,"NA",0,"NA",0,0,0,1,1,"100.0",0,0,1,3,"50.0","33.3",0,1,2,0,0,0
2025-07-16,113,6377,10,361,4,6,4,3,0,0,0,0,0,"NA",3,"50.0",2,"16.7",0,6,0,0,4,"57.1",5,0,6,132,"83.0","64.2",2,7,4,0,1,0
2025-07-16,113,6370,16,1394,16,0,1,18,52,12,6,0,0,"NA",0,"NA",0,"NA",0,0,0,0,0,"NA",20,0,0,385,"71.3","20.5",0,2,0,0,0,0
2025-07-16,113,6379,6,254,3,3,3,4,0,0,0,0,0,"NA",0,"0.0",2,"50.0",1,7,0,0,0,"NA",2,0,4,58,"72.5","66.1",5,2,3,0,1,0
2025-07-16,113,6382,10,488,6,4,4,9,0,0,0,0,0,"NA",0,"0.0",3,"33.3",1,1,0,0,1,"50.0",15,3,5,250,"86.2","73.5",0,7,3,0,1,0
2025-07-16,113,6375,16,1369,16,0,8,18,0,0,0,0,0,"NA",2,"100.0",0,"0.0",0,7,0,0,19,"79.2",20,5,18,612,"88.1","81.3",6,7,25,0,3,0
2025-07-16,113,6383,13,307,3,10,2,4,0,0,0,0,0,"NA",0,"NA",0,"NA",0,1,0,0,7,"100.0",13,1,5,121,"81.2","69.1",2,5,7,0,2,0
2025-07-16,113,6390,14,1178,13,1,0,17,0,0,0,0,0,"NA",1,"33.3",3,"12.5",0,5,0,0,13,"72.2",31,8,5,255,"78.2","65.2",6,17,15,0,2,1
2025-07-16,113,6424,16,1234,15,1,7,16,0,0,0,4,1,"308.5",5,"27.8",2,"22.2",2,9,0,9,13,"76.5",10,0,6,191,"76.7","70.8",9,37,47,0,3,0
2025-07-16,113,6394,11,479,5,6,5,6,0,0,0,0,0,"NA",4,"100.0",1,"50.0",0,6,1,0,4,"80.0",8,2,7,141,"81.5","69.6",7,14,9,0,2,0
2025-07-16,113,6387,2,136,1,1,0,3,5,2,1,0,0,"NA",0,"NA",0,"NA",0,0,0,0,0,"NA",3,0,0,34,"68.0","11.1",0,1,0,0,1,0
2025-07-16,113,6371,14,1248,14,0,1,16,0,0,0,0,0,"NA",0,"0.0",0,"NA",0,3,0,0,14,"66.7",66,11,22,536,"87.4","76.8",0,15,17,0,2,0
2025-07-16,113,6392,9,562,7,2,4,7,0,0,0,0,0,"NA",1,"33.3",2,"28.6",0,3,0,0,11,"64.7",23,5,9,185,"74.9","65.2",6,5,13,0,0,0
2025-07-16,113,6385,2,65,0,2,0,0,0,0,0,0,0,"NA",0,"NA",1,"33.3",1,1,0,1,1,"100.0",0,0,1,11,"78.6","43.8",2,2,1,0,1,0
2025-07-16,113,6374,15,1243,14,1,1,15,0,0,0,1,0,"1243.0",1,"100.0",0,"0.0",0,4,0,0,11,"55.0",82,7,20,707,"87.0","73.6",1,11,8,1,2,0
2025-07-16,113,6393,14,664,7,7,6,10,0,0,0,3,0,"221.3",12,"60.0",1,"6.7",0,4,0,2,11,"91.7",3,0,4,111,"81.6","71.3",4,10,11,0,2,0
2025-07-16,113,6373,8,424,4,4,0,9,0,0,0,0,0,"NA",0,"0.0",0,"0.0",0,0,0,1,4,"57.1",36,6,4,185,"77.4","56.3",0,1,8,0,3,0
2025-07-16,113,6378,11,576,5,6,2,8,0,0,0,1,0,"576.0",3,"33.3",0,"0.0",1,5,0,1,0,"0.0",2,0,0,36,"75.0","56.1",2,5,8,0,1,0
2025-07-16,113,6384,11,669,8,3,3,9,0,0,0,0,0,"NA",2,"100.0",4,"19.0",2,1,0,1,10,"76.9",19,1,4,168,"77.1","62.4",2,21,9,0,3,0
2025-07-16,113,6380,16,946,11,5,8,14,0,0,0,3,0,"315.3",11,"61.1",8,"28.6",1,15,0,8,7,"63.6",11,0,3,126,"75.4","66.0",17,14,16,0,1,0
2025-07-16,113,6372,4,360,4,0,0,7,0,0,0,0,0,"NA",0,"0.0",0,"0.0",0,3,0,0,3,"60.0",18,2,2,147,"79.0","62.0",0,4,4,0,3,0
2025-07-16,113,6391,0,0,0,0,0,0,0,0,0,0,0,"NA",0,"NA",0,"NA",0,0,0,0,0,"NA",0,0,0,0,"NA","NA",0,0,0,0,0,0
2025-07-16,113,6376,15,1214,14,1,4,12,0,0,0,2,0,"607.0",2,"28.6",3,"13.0",0,12,0,5,16,"64.0",9,0,17,173,"68.4","58.4",12,37,29,0,3,0
2025-07-16,113,6381,11,682,6,5,0,12,0,0,0,0,0,"NA",2,"66.7",5,"21.7",2,3,0,0,9,"64.3",20,1,5,278,"81.0","69.8",6,4,9,1,1,0
2025-07-16,113,6389,13,897,11,2,10,12,0,0,0,4,1,"224.3",13,"76.5",5,"38.5",2,13,0,1,5,"62.5",14,0,2,188,"70.9","60.8",3,13,10,0,1,0
2025-07-17,103,6222,7,223,1,6,1,4,0,0,0,0,0,"NA",1,"50.0",0,"NA",0,2,0,2,3,"100.0",0,1,1,41,"77.4","74.4",1,4,6,0,0,0
2025-07-17,103,6217,13,1170,13,0,0,19,0,0,0,0,0,"NA",2,"33.3",0,"0.0",0,3,0,2,9,"90.0",49,5,12,600,"82.3","73.1",2,21,16,0,2,0
2025-07-17,103,6210,16,1301,15,1,2,22,0,0,0,2,0,"650.5",2,"33.3",0,"0.0",0,6,0,1,17,"77.3",53,3,21,714,"85.6","76.5",6,30,20,0,3,0
2025-07-17,103,6203,10,838,9,1,0,9,0,0,0,0,0,"NA",2,"50.0",0,"NA",1,2,0,0,3,"37.5",45,6,4,430,"83.0","68.3",0,5,8,0,0,0
2025-07-17,103,6208,16,1059,12,4,11,17,0,0,0,2,0,"529.5",10,"47.6",4,"20.0",1,13,1,2,5,"62.5",4,2,4,277,"77.8","68.1",7,31,12,0,0,0
2025-07-17,103,6214,11,990,11,0,0,14,21,13,1,0,0,"NA",0,"NA",0,"NA",0,1,0,0,0,"NA",10,0,0,175,"66.5","26.9",0,3,0,0,0,0
2025-07-17,103,6204,13,935,10,3,2,14,0,0,0,1,0,"935.0",3,"37.5",0,"0.0",2,5,0,0,14,"77.8",12,1,16,500,"84.2","77.9",5,7,13,0,3,0
2025-07-17,103,6206,4,198,3,1,3,3,0,0,0,0,0,"NA",0,"NA",0,"0.0",0,1,0,0,3,"42.9",1,1,0,46,"75.4","65.1",1,3,10,1,0,0
2025-07-17,103,6218,10,222,1,9,0,4,0,0,0,2,0,"111.0",5,"50.0",1,"20.0",0,7,0,2,3,"75.0",1,0,1,52,"71.2","66.7",6,6,9,0,1,0
2025-07-17,103,6425,11,573,5,6,1,5,0,0,0,1,0,"573.0",1,"33.3",4,"19.0",0,3,0,0,1,"100.0",13,1,3,181,"84.6","72.6",1,22,7,0,0,0
2025-07-17,103,6426,0,0,0,0,0,0,0,0,0,0,0,"NA",0,"NA",0,"NA",0,0,0,0,0,"NA",0,0,0,0,"NA","NA",0,0,0,0,0,0
2025-07-17,103,6216,6,363,4,2,1,6,0,0,0,0,0,"NA",0,"0.0",1,"100.0",0,3,0,0,9,"64.3",3,0,5,130,"80.7","72.6",2,8,6,0,3,0
2025-07-17,103,6215,10,280,2,8,2,4,0,0,0,0,0,"NA",0,"NA",0,"0.0",0,2,0,0,2,"100.0",3,0,3,52,"65.8","63.5",0,4,9,0,0,0
2025-07-17,103,6207,12,800,10,2,8,13,0,0,0,2,0,"400.0",5,"55.6",3,"27.3",1,7,0,1,4,"80.0",1,1,6,227,"79.1","69.7",7,7,10,0,0,0
2025-07-17,103,6213,0,0,0,0,0,0,0,0,0,0,0,"NA",0,"NA",0,"NA",0,0,0,0,0,"NA",0,0,0,0,"NA","NA",0,0,0,0,0,0
2025-07-17,103,6427,0,0,0,0,0,0,0,0,0,0,0,"NA",0,"NA",0,"NA",0,0,0,0,0,"NA",0,0,0,0,"NA","NA",0,0,0,0,0,0
2025-07-17,103,6220,8,421,5,3,3,8,0,0,0,0,0,"NA",0,"NA",0,"0.0",0,1,0,0,9,"75.0",5,4,1,242,"89.0","87.3",1,12,8,0,3,0
2025-07-17,103,6209,16,710,8,8,7,8,0,0,0,2,0,"355.0",3,"75.0",1,"16.7",1,4,0,0,7,"77.8",5,1,3,104,"73.2","65.4",5,6,14,0,3,0
2025-07-17,103,6221,5,450,5,0,0,8,9,1,2,0,0,"NA",0,"NA",0,"NA",0,0,0,0,0,"NA",3,0,0,62,"76.5","35.0",0,0,0,0,0,0
2025-07-17,103,6211,7,324,4,3,2,7,0,0,0,0,0,"NA",0,"0.0",2,"15.4",0,1,0,0,11,"78.6",6,1,2,76,"79.2","61.5",5,9,6,0,2,0
2025-07-17,103,6205,16,1122,14,2,10,13,0,0,0,7,0,"160.3",13,"68.4",2,"40.0",2,11,0,7,4,"50.0",7,0,1,166,"76.5","70.9",3,10,16,0,1,0
2025-07-17,103,6201,16,1233,15,1,8,21,0,0,0,1,0,"1233.0",4,"33.3",8,"15.4",1,10,0,2,15,"68.2",24,0,7,345,"81.8","66.2",15,18,14,0,3,0
2025-07-17,103,6202,14,1079,12,2,3,16,0,0,0,0,0,"NA",0,"0.0",0,"0.0",1,3,0,0,13,"61.9",62,4,6,494,"84.6","71.6",1,7,13,0,1,0
2025-07-17,103,6219,11,799,9,2,3,12,0,0,0,0,0,"NA",1,"33.3",2,"16.7",0,7,0,0,15,"60.0",19,2,9,314,"79.9","66.0",2,24,13,0,3,0
2025-07-17,103,6200,13,841,10,3,5,12,0,0,0,0,0,"NA",1,"20.0",11,"25.0",1,14,0,2,13,"65.0",10,0,7,196,"75.1","60.3",15,19,15,0,2,0
2025-07-17,103,6212,8,249,2,6,1,5,0,0,0,0,0,"NA",2,"50.0",2,"28.6",1,2,0,0,2,"40.0",5,1,5,68,"71.6","63.8",0,10,10,0,1,0
2025-07-17,119,6062,7,323,3,4,3,2,0,0,0,0,0,"NA",3,"50.0",2,"16.7",0,4,0,0,4,"80.0",2,0,4,116,"75.8","58.7",4,12,4,0,0,0
2025-07-17,119,6055,10,883,10,0,5,8,0,0,0,1,0,"883.0",1,"50.0",6,"33.3",0,10,0,0,9,"60.0",28,2,4,181,"76.7","66.9",4,13,10,0,1,0
2025-07-17,119,6063,14,1152,14,0,7,9,0,0,0,0,0,"NA",0,"0.0",7,"31.8",2,8,0,1,28,"82.4",34,5,9,411,"75.6","66.9",11,19,20,0,7,1
2025-07-17,119,6069,8,277,3,5,3,3,0,0,0,0,0,"NA",2,"66.7",0,"0.0",0,0,0,0,2,"100.0",4,0,2,67,"79.8","63.1",2,3,3,0,0,0
2025-07-17,119,6058,11,98,0,11,0,5,0,0,0,0,0,"NA",0,"NA",0,"NA",0,0,0,0,1,"100.0",15,2,0,43,"67.2","60.5",1,0,0,0,0,0
2025-07-17,119,6053,15,1350,15,0,0,14,32,14,1,0,0,"NA",0,"NA",0,"NA",0,0,0,0,0,"NA",14,0,0,139,"47.8","25.7",0,3,2,1,0,0
2025-07-17,119,6059,13,661,7,6,4,7,0,0,0,0,0,"NA",1,"50.0",5,"18.5",1,3,0,0,14,"87.5",27,0,8,173,"71.2","60.1",6,28,9,0,1,0
2025-07-17,119,6068,9,204,1,8,1,3,0,0,0,1,0,"204.0",1,"25.0",0,"0.0",0,2,0,1,1,"100.0",1,0,0,49,"73.1","60.8",3,3,7,0,1,0
2025-07-17,119,6054,15,1282,14,1,0,13,0,0,0,3,0,"427.3",7,"46.7",0,"0.0",1,12,0,3,10,"66.7",15,2,14,330,"77.8","71.4",8,19,24,0,4,0
2025-07-17,119,6061,9,348,3,6,3,2,0,0,0,0,0,"NA",1,"14.3",2,"25.0",0,2,0,1,3,"75.0",2,0,0,38,"63.3","62.7",2,1,5,0,0,0
2025-07-17,119,6067,6,30,0,6,0,2,0,0,0,0,0,"NA",0,"NA",0,"NA",0,2,0,0,0,"NA",1,0,0,10,"47.6","47.4",0,0,3,0,0,0
2025-07-17,119,6075,3,12,0,3,0,0,0,0,0,0,0,"NA",0,"NA",0,"0.0",0,0,0,0,1,"33.3",0,0,0,1,"50.0","0.0",0,0,2,0,0,0
2025-07-17,119,6074,0,0,0,0,0,0,0,0,0,0,0,"NA",0,"NA",0,"NA",0,0,0,0,0,"NA",0,0,0,0,"NA","NA",0,0,0,0,0,0
2025-07-17,119,6064,14,1192,14,0,11,11,0,0,0,4,0,"298.0",9,"75.0",7,"28.0",1,26,0,1,9,"42.9",5,0,3,377,"83.6","68.4",8,19,16,0,2,0
2025-07-17,119,6056,9,271,3,6,3,5,0,0,0,0,0,"NA",0,"0.0",2,"22.2",0,3,0,1,3,"60.0",7,1,1,66,"78.6","67.2",4,7,6,0,1,0
2025-07-17,119,6071,9,497,6,3,4,6,0,0,0,0,0,"NA",0,"NA",0,"NA",0,0,0,0,3,"60.0",30,3,5,227,"80.2","64.9",1,0,13,0,1,0
2025-07-17,119,6072,0,0,0,0,0,0,0,0,0,0,0,"NA",0,"NA",0,"NA",0,0,0,0,0,"NA",0,0,0,0,"NA","NA",0,0,0,0,0,0
2025-07-17,119,6065,12,509,7,5,7,6,0,0,0,1,0,"509.0",2,"66.7",0,"0.0",0,4,0,0,4,"50.0",8,0,3,145,"79.7","69.6",2,4,10,0,1,0
2025-07-17,119,6057,15,1350,15,0,0,14,0,0,0,0,0,"NA",2,"33.3",2,"66.7",0,4,0,0,13,"72.2",85,4,9,755,"82.4","71.0",4,4,7,0,1,0
2025-07-17,119,6070,8,720,8,0,0,5,0,0,0,0,0,"NA",0,"0.0",0,"0.0",0,2,0,0,16,"88.9",34,3,13,292,"79.1","66.7",2,4,10,0,1,0
2025-07-17,119,6073,15,1321,15,0,3,14,0,0,0,0,0,"NA",3,"60.0",4,"26.7",0,6,0,0,17,"60.7",17,3,20,507,"80.0","67.6",11,13,19,0,2,0
2025-07-17,119,6060,15,1238,15,0,8,11,0,0,0,3,1,"412.7",11,"64.7",1,"8.3",0,6,0,23,6,"46.2",6,2,2,130,"68.8","59.9",13,21,25,0,3,0
2025-07-17,119,6066,14,1116,12,2,4,13,0,0,0,0,0,"NA",3,"42.9",1,"8.3",1,5,0,0,10,"62.5",57,10,20,482,"74.8","60.7",3,9,14,0,3,0
2025-07-17,107,6282,15,694,9,6,9,10,0,0,0,4,0,"173.5",8,"50.0",0,"0.0",0,9,0,5,5,"62.5",8,2,2,98,"68.1","63.3",8,15,18,0,0,0
2025-07-17,107,6274,15,1213,15,0,10,23,0,0,0,4,2,"303.3",12,"48.0",2,"11.1",4,16,0,2,14,"77.8",7,3,5,349,"76.9","69.6",4,25,21,1,2,0
2025-07-17,107,6281,7,303,3,4,3,8,0,0,0,0,0,"NA",3,"42.9",2,"18.2",1,5,0,2,3,"60.0",5,1,1,50,"71.4","58.8",2,1,4,0,0,0
2025-07-17,107,6283,1,90,1,0,0,4,3,0,0,0,0,"NA",0,"NA",0,"NA",0,0,0,0,0,"NA",2,0,0,12,"63.2","45.5",0,0,0,0,0,0
2025-07-17,107,6279,9,178,0,9,0,2,0,0,0,0,0,"NA",2,"40.0",0,"0.0",1,3,0,0,3,"75.0",1,0,0,38,"65.5","65.4",1,5,2,0,1,0
2025-07-17,107,6291,13,933,11,2,7,22,0,0,0,2,0,"466.5",5,"31.3",2,"7.1",2,13,1,2,4,"44.4",2,1,5,189,"79.4","68.5",16,19,8,0,2,0
2025-07-17,107,6270,14,952,10,4,2,17,0,0,0,1,0,"952.0",2,"40.0",0,"0.0",0,2,0,2,7,"70.0",99,7,11,277,"79.4","57.9",0,4,14,0,2,0
2025-07-17,107,6289,0,0,0,0,0,0,0,0,0,0,0,"NA",0,"NA",0,"NA",0,0,0,0,0,"NA",0,0,0,0,"NA","NA",0,0,0,0,0,0
2025-07-17,107,6280,15,657,7,8,6,15,0,0,0,2,0,"328.5",6,"66.7",2,"50.0",1,5,0,7,3,"37.5",2,0,3,109,"80.7","73.7",0,13,15,1,2,0
2025-07-17,107,6273,11,526,5,6,1,2,0,0,0,1,0,"526.0",1,"100.0",0,"0.0",0,7,0,0,6,"75.0",2,1,6,272,"84.5","76.3",1,5,13,0,1,0
2025-07-17,107,6290,0,0,0,0,0,0,0,0,0,0,0,"NA",0,"NA",0,"NA",0,0,0,0,0,"NA",0,0,0,0,"NA","NA",0,0,0,0,0,0
2025-07-17,107,6271,8,434,5,3,3,9,0,0,0,0,0,"NA",1,"50.0",5,"33.3",0,4,0,0,5,"50.0",21,2,3,159,"77.9","67.6",2,3,6,0,1,0
2025-07-17,107,6272,15,1308,14,1,1,24,0,0,0,0,0,"NA",3,"37.5",3,"23.1",0,17,0,0,18,"56.3",13,1,13,542,"81.1","72.9",2,15,16,0,3,0
2025-07-17,107,6288,14,1260,14,0,0,21,0,0,0,0,0,"NA",1,"33.3",1,"50.0",1,1,1,1,10,"100.0",89,6,18,410,"80.1","68.0",1,17,20,0,5,0
2025-07-17,107,6278,4,82,0,4,0,2,0,0,0,0,0,"NA",0,"NA",2,"66.7",0,1,0,0,3,"75.0",6,0,4,11,"57.9","61.5",1,0,2,0,0,0
2025-07-17,107,6269,10,476,5,5,2,7,0,0,0,0,0,"NA",0,"0.0",1,"100.0",0,0,0,0,4,"80.0",19,2,3,97,"71.9","61.3",0,4,8,0,2,0
2025-07-17,107,6285,12,853,10,2,2,16,0,0,0,1,0,"853.0",4,"66.7",1,"50.0",0,2,0,0,5,"55.6",62,7,5,266,"83.9","75.0",2,2,6,0,1,0
2025-07-17,107,6276,15,1269,15,0,6,22,0,0,0,3,0,"423.0",5,"33.3",4,"11.1",6,11,0,4,13,"68.4",31,4,8,417,"77.4","66.2",3,12,19,0,2,0
2025-07-17,107,6284,12,840,10,2,6,11,0,0,0,1,0,"840.0",4,"36.4",2,"8.3",0,4,0,1,14,"63.6",19,0,5,168,"69.1","58.1",5,12,15,0,2,0
2025-07-17,107,6286,3,55,1,2,1,0,0,0,0,0,0,"NA",0,"0.0",0,"0.0",0,0,0,0,2,"100.0",0,1,0,22,"91.7","82.4",1,0,1,0,0,0
2025-07-17,107,6277,8,680,8,0,2,16,0,0,0,0,0,"NA",1,"100.0",5,"18.5",0,3,0,0,9,"81.8",21,2,7,209,"79.2","64.4",2,10,10,0,0,0
2025-07-17,107,6268,14,1260,14,0,0,20,32,14,8,0,0,"NA",0,"NA",0,"NA",0,0,0,0,0,"NA",15,0,0,150,"49.5","22.9",0,1,0,0,1,0
2025-07-17,107,6287,10,529,7,3,4,8,0,0,0,0,0,"NA",0,"NA",1,"10.0",0,2,0,0,7,"87.5",13,1,3,131,"74.9","66.7",1,5,13,1,2,1
2025-07-17,107,6275,6,228,1,5,1,5,0,0,0,4,0,"57.0",4,"50.0",0,"0.0",0,1,0,0,2,"50.0",1,0,0,46,"76.7","72.3",2,3,6,0,0,0
2025-07-17,114,6112,10,330,4,6,4,7,0,0,0,0,0,"NA",0,"0.0",1,"12.5",1,2,0,1,1,"100.0",4,0,3,75,"70.8","57.9",5,3,5,0,1,0
2025-07-17,114,6104,10,551,6,4,4,13,0,0,0,1,0,"551.0",7,"58.3",2,"28.6",1,3,0,6,0,"0.0",0,0,2,45,"73.8","60.5",4,10,9,0,0,0
2025-07-17,114,6118,3,148,2,1,2,1,0,0,0,0,0,"NA",1,"100.0",1,"11.1",0,1,0,0,1,"50.0",4,0,0,41,"77.4","56.8",2,2,4,0,0,0
2025-07-17,114,6428,0,0,0,0,0,0,0,0,0,0,0,"NA",0,"NA",0,"NA",0,0,0,0,0,"NA",0,0,0,0,"NA","NA",0,0,0,0,0,0
2025-07-17,114,6110,12,449,5,7,5,8,0,0,0,1,0,"449.0",4,"36.4",2,"22.2",1,9,0,1,3,"60.0",4,0,0,136,"70.5","58.1",1,13,1,0,2,0
2025-07-17,114,6106,9,468,5,4,3,7,0,0,0,0,0,"NA",0,"0.0",2,"16.7",0,1,0,0,3,"75.0",10,0,3,135,"77.6","67.9",5,3,5,0,2,0
2025-07-17,114,6102,10,653,7,3,5,6,0,0,0,4,0,"163.3",8,"61.5",0,"0.0",0,2,0,0,3,"37.5",3,1,2,70,"69.3","61.3",1,9,10,0,1,0
2025-07-17,114,6101,13,923,10,3,1,13,0,0,0,1,0,"923.0",2,"40.0",0,"NA",0,5,0,2,5,"50.0",57,8,10,371,"80.3","72.6",2,7,14,1,3,0
2025-07-17,114,6103,13,965,11,2,5,11,0,0,0,4,0,"241.3",8,"72.7",3,"30.0",2,9,0,1,7,"58.3",8,1,5,207,"66.1","62.3",5,20,22,0,3,0
2025-07-17,114,6113,8,478,5,3,1,7,0,0,0,1,0,"478.0",1,"50.0",0,"NA",0,0,0,0,5,"45.5",35,5,5,126,"75.9","43.2",0,2,9,0,0,0
2025-07-17,114,6108,15,1341,15,0,4,18,0,0,0,2,0,"670.5",8,"33.3",7,"15.2",1,14,0,1,20,"71.4",37,1,6,304,"71.7","59.1",17,27,16,0,3,0
2025-07-17,114,6115,0,0,0,0,0,0,0,0,0,0,0,"NA",0,"NA",0,"NA",0,0,0,0,0,"NA",0,0,0,0,"NA","NA",0,0,0,0,0,0
2025-07-17,114,6120,8,442,5,3,1,5,0,0,0,0,0,"NA",2,"40.0",0,"NA",0,1,0,0,3,"75.0",31,4,0,185,"85.3","77.8",0,2,4,0,1,0
2025-07-17,114,6116,12,402,4,8,2,2,0,0,0,1,0,"402.0",3,"50.0",0,"NA",1,0,0,1,5,"100.0",2,0,2,29,"64.4","62.2",2,8,8,0,0,0
2025-07-17,114,6109,15,1293,14,1,0,18,0,0,0,1,0,"1293.0",2,"33.3",13,"43.3",6,25,0,0,7,"58.3",15,5,14,473,"80.2","62.9",6,8,11,0,1,0
2025-07-17,114,6100,1,1,0,1,0,1,0,0,0,0,0,"NA",0,"NA",0,"NA",0,0,0,0,0,"NA",0,0,0,0,"NA","NA",0,0,0,0,0,0
2025-07-17,114,6111,9,700,9,0,8,9,0,0,0,0,0,"NA",0,"NA",1,"33.3",0,9,0,0,4,"66.7",8,2,8,347,"88.7","85.6",2,14,17,0,3,0
2025-07-17,114,6099,15,1350,15,0,0,18,40,11,1,0,0,"NA",0,"NA",0,"NA",0,0,0,0,0,"NA",9,0,0,254,"57.0","37.7",0,1,0,0,0,0
2025-07-17,114,6114,0,0,0,0,0,0,0,0,0,0,0,"NA",0,"NA",0,"NA",0,0,0,0,0,"NA",0,0,0,0,"NA","NA",0,0,0,0,0,0
2025-07-17,114,6107,15,797,8,7,7,7,0,0,0,2,0,"398.5",3,"33.3",1,"9.1",3,8,0,1,6,"50.0",8,1,3,247,"80.5","68.4",10,23,18,0,4,0
2025-07-17,114,6429,0,0,0,0,0,0,0,0,0,0,0,"NA",0,"NA",0,"NA",0,0,0,0,0,"NA",0,0,0,0,"NA","NA",0,0,0,0,0,0
2025-07-17,114,6105,12,714,8,4,4,10,0,0,0,1,0,"714.0",1,"50.0",2,"20.0",0,3,0,1,11,"68.8",20,0,2,171,"78.4","65.5",4,13,9,0,2,0
2025-07-17,114,6119,13,638,7,6,3,9,0,0,0,0,0,"NA",1,"25.0",0,"NA",0,1,0,0,10,"58.8",26,3,10,162,"71.1","63.1",2,15,11,0,3,0
2025-07-17,114,6122,13,1113,12,1,2,15,0,0,0,1,0,"1113.0",1,"100.0",0,"NA",1,1,0,0,16,"76.2",54,9,7,361,"81.9","72.7",1,10,7,0,1,0
2025-07-17,114,6117,13,1094,13,0,3,13,0,0,0,0,0,"NA",1,"50.0",0,"NA",0,3,0,0,3,"75.0",68,8,13,345,"89.8","73.6",0,3,8,1,1,0
2025-07-18,120,6453,4,58,0,4,0,0,0,0,0,0,0,"NA",0,"NA",0,"0.0",0,0,0,0,1,"50.0",0,1,0,27,"87.1","82.6",0,3,2,0,0,0
2025-07-18,120,6433,1,13,0,1,0,0,0,0,0,0,0,"NA",0,"NA",0,"NA",0,1,0,0,0,"NA",2,0,0,4,"57.1","33.3",1,1,1,0,0,0
2025-07-18,120,6445,15,500,5,10,5,4,0,0,0,1,0,"500.0",5,"62.5",3,"21.4",0,3,0,1,2,"40.0",1,0,3,130,"80.2","72.1",1,15,4,0,0,0
2025-07-18,120,6443,0,0,0,0,0,0,0,0,0,0,0,"NA",0,"NA",0,"NA",0,0,0,0,0,"NA",0,0,0,0,"NA","NA",0,0,0,0,0,0
2025-07-18,120,6437,15,1072,13,2,9,16,0,0,0,2,0,"536.0",13,"72.2",2,"28.6",3,9,0,12,6,"75.0",5,0,2,100,"58.1","56.1",3,23,13,0,0,0
2025-07-18,120,6449,6,540,6,0,0,8,13,4,1,0,0,"NA",0,"NA",0,"NA",0,0,0,0,0,"NA",11,0,0,123,"65.8","32.9",2,0,0,0,0,0
2025-07-18,120,6438,6,540,6,0,0,13,0,0,0,2,0,"603.5",8,"40.0",9,"30.0",0,14,0,6,4,"44.4",8,1,2,258,"74.4","64.8",9,27,26,0,2,0
2025-07-18,120,6447,16,1207,13,3,3,8,0,0,0,1,0,"777.0",3,"60.0",1,"25.0",0,6,0,1,12,"70.6",18,0,5,390,"89.0","84.6",6,8,14,0,3,1
2025-07-18,120,6439,12,777,8,4,5,16,0,0,0,2,0,"635.0",6,"54.5",5,"23.8",1,13,0,1,17,"81.0",4,5,9,604,"84.4","75.0",12,13,19,0,5,0
2025-07-18,120,6441,16,1270,14,2,3,8,0,0,0,0,0,"NA",0,"NA",0,"0.0",0,0,0,0,10,"83.3",25,2,7,396,"83.5","77.5",3,3,10,0,0,0
2025-07-18,120,6444,13,917,10,3,4,11,0,0,0,0,0,"NA",3,"42.9",13,"32.5",1,12,0,0,14,"58.3",4,0,1,294,"80.3","68.5",20,18,24,0,2,1
2025-07-18,120,6435,10,621,7,3,6,7,0,0,0,0,0,"NA",0,"0.0",0,"NA",0,1,0,1,7,"87.5",33,1,5,399,"90.1","80.0",0,4,1,0,0,0
2025-07-18,120,6440,0,0,0,0,0,0,0,0,0,0,0,"NA",0,"NA",0,"NA",0,0,0,0,0,"NA",0,0,0,0,"NA","NA",0,0,0,0,0,0
2025-07-18,120,6442,15,1147,14,1,3,14,0,0,0,0,0,"NA",2,"25.0",1,"12.5",0,5,1,0,11,"68.8",50,3,11,518,"85.3","72.0",13,20,9,0,2,1
2025-07-18,120,6591,14,299,3,11,3,8,0,0,0,0,0,"NA",0,"NA",2,"66.7",0,1,0,0,5,"55.6",2,1,5,170,"87.2","82.8",1,1,5,0,0,0
2025-07-18,120,6448,16,1236,15,1,9,16,0,0,0,2,1,"618.0",15,"53.6",1,"7.7",1,13,0,0,12,"63.2",11,2,16,407,"74.8","64.9",10,18,13,0,2,0
2025-07-18,120,6431,4,42,0,4,0,0,0,0,0,0,0,"NA",0,"NA",0,"0.0",0,0,0,0,2,"66.7",1,0,2,19,"73.1","61.9",1,1,0,0,0,0
2025-07-18,120,6430,10,900,10,0,0,10,21,6,2,0,0,"NA",0,"NA",0,"0.0",0,0,0,0,0,"NA",11,0,0,268,"73.4","42.8",0,1,0,0,0,0
2025-07-18,120,6432,16,1113,14,2,6,16,0,0,0,0,0,"NA",1,"25.0",15,"35.7",2,16,0,0,20,"71.4",22,2,4,364,"82.4","66.1",3,28,19,0,5,0
2025-07-18,120,6452,14,683,7,7,4,5,0,0,0,0,0,"NA",4,"80.0",1,"33.3",0,7,0,0,16,"59.3",6,0,3,325,"86.9","80.8",5,16,17,0,4,0
2025-07-18,120,6434,13,929,11,2,3,11,0,0,0,0,0,"NA",2,"100.0",1,"33.3",1,4,0,0,7,"63.6",38,9,9,435,"83.3","66.2",1,8,5,0,1,0
2025-07-18,120,6446,0,0,0,0,0,0,0,0,0,0,0,"NA",0,"NA",0,"NA",0,0,0,0,0,"NA",0,0,0,0,"NA","NA",0,0,0,0,0,0
2025-07-18,120,6436,6,409,4,2,1,6,0,0,0,2,0,"204.5",3,"25.0",0,"0.0",0,8,0,1,2,"50.0",1,0,1,59,"54.6","50.0",4,11,12,0,3,0
2025-07-18,120,6451,12,889,10,2,1,14,0,0,0,0,0,"NA",2,"66.7",0,"NA",0,2,0,0,8,"53.3",56,5,7,415,"88.3","71.1",1,8,15,0,2,0
2025-07-18,120,6450,6,364,4,2,2,5,0,0,0,0,0,"NA",0,"NA",1,"50.0",0,1,0,0,5,"71.4",7,0,5,131,"80.4","75.0",1,6,8,0,3,0
2025-07-18,110,6350,15,1224,15,0,8,19,0,0,0,11,3,"111.3",20,"69.0",3,"15.0",1,22,1,1,12,"66.7",7,0,9,379,"83.7","71.8",27,13,8,0,2,0
2025-07-18,110,6346,16,1368,15,1,4,19,0,0,0,1,0,"1368.0",3,"60.0",8,"32.0",1,7,0,1,16,"69.6",43,1,11,584,"79.7","72.1",5,10,14,0,4,0
2025-07-18,110,6354,16,579,4,12,5,11,0,0,0,3,0,"193.0",8,"57.1",0,"0.0",0,6,0,2,5,"62.5",5,1,3,90,"80.4","75.9",5,13,19,0,3,0
2025-07-18,110,6357,0,0,0,0,0,0,0,0,0,0,0,"NA",0,"NA",0,"NA",0,0,0,0,0,"NA",0,0,0,0,"NA","NA",0,0,0,0,0,0
2025-07-18,110,6360,6,198,1,5,1,5,0,0,0,0,0,"NA",0,"NA",1,"33.3",0,1,0,0,2,"100.0",17,2,2,99,"83.2","74.6",0,2,6,0,1,0
2025-07-18,110,6361,16,1440,16,0,0,22,45,13,9,0,0,"NA",0,"NA",0,"NA",0,0,0,0,2,"100.0",25,0,0,353,"73.4","31.5",0,10,2,1,1,0
2025-07-18,110,6362,8,618,7,1,1,7,0,0,0,1,0,"618.0",3,"75.0",0,"NA",0,0,0,0,5,"62.5",46,3,6,353,"86.3","84.3",0,7,7,0,2,0
2025-07-18,110,6367,2,2,0,2,0,0,0,0,0,0,0,"NA",0,"NA",0,"NA",0,0,0,0,0,"NA",0,0,0,0,"0.0","NA",0,0,0,0,0,0
2025-07-18,110,6359,2,21,0,2,0,0,0,0,0,0,0,"NA",0,"NA",0,"NA",0,0,0,0,0,"NA",1,0,0,18,"85.7","80.0",0,1,2,0,0,0
2025-07-18,110,6368,2,12,0,2,0,0,0,0,0,0,0,"NA",0,"NA",0,"NA",1,0,0,0,0,"NA",0,0,0,3,"100.0","100.0",0,1,1,0,0,0
2025-07-18,110,6363,0,0,0,0,0,0,0,0,0,0,0,"NA",0,"NA",0,"NA",0,0,0,0,0,"NA",0,0,0,0,"NA","NA",0,0,0,0,0,0
2025-07-18,110,6364,6,209,2,4,2,3,0,0,0,0,0,"NA",3,"75.0",0,"NA",0,3,1,1,2,"100.0",0,1,1,28,"63.6","69.7",5,11,11,0,1,0
2025-07-18,110,6345,12,1012,12,0,0,16,0,0,0,0,0,"NA",2,"28.6",0,"0.0",1,1,0,1,4,"80.0",75,8,13,544,"86.9","76.1",2,3,21,2,3,2
2025-07-18,110,6347,12,604,7,5,7,8,0,0,0,2,0,"302.0",3,"33.3",3,"20.0",1,3,0,4,4,"57.1",3,0,4,62,"69.7","62.1",0,28,11,0,3,0
2025-07-18,110,6356,8,499,5,3,3,5,0,0,0,0,0,"NA",1,"20.0",2,"22.2",1,13,1,0,9,"42.9",5,1,2,210,"77.8","68.9",2,16,8,0,4,0
2025-07-18,110,6344,16,1389,16,0,5,19,0,0,0,0,0,"NA",2,"22.2",0,"0.0",0,13,0,0,10,"58.8",20,3,12,857,"91.0","86.5",2,7,16,0,2,0
2025-07-18,110,6358,16,661,7,9,7,13,0,0,0,1,0,"661.0",4,"66.7",2,"10.0",3,7,0,0,10,"62.5",5,2,3,143,"74.1","62.3",4,29,15,0,2,0
2025-07-18,110,6352,6,54,0,6,0,0,0,0,0,0,0,"NA",0,"0.0",1,"50.0",1,1,0,0,2,"66.7",2,0,2,19,"76.0","63.6",2,5,2,0,0,0
2025-07-18,110,6348,11,590,7,4,5,11,0,0,0,1,0,"590.0",1,"50.0",0,"NA",0,2,0,0,6,"60.0",4,4,8,256,"87.4","85.0",5,14,15,0,4,0
2025-07-18,110,6365,5,21,0,5,0,0,0,0,0,0,0,"NA",0,"NA",0,"NA",0,0,0,0,1,"100.0",0,0,0,4,"57.1","50.0",0,2,0,0,0,0
2025-07-18,110,6353,15,947,14,1,12,16,0,0,0,3,0,"315.7",8,"80.0",3,"75.0",3,9,0,6,3,"50.0",6,3,1,145,"85.8","79.3",5,17,9,0,3,1
2025-07-18,110,6351,13,809,8,5,3,9,0,0,0,0,0,"NA",0,"0.0",5,"41.7",1,5,0,0,9,"60.0",17,5,4,360,"85.3","82.4",1,12,12,0,2,0
2025-07-18,110,6592,3,32,0,3,0,1,0,0,0,0,0,"NA",0,"NA",0,"NA",0,0,0,0,0,"NA",0,0,0,13,"81.3","78.6",1,2,0,0,0,0
2025-07-18,110,6343,16,1389,16,0,2,19,0,0,0,2,1,"694.5",6,"50.0",4,"22.2",0,5,1,1,9,"52.9",56,5,8,550,"80.1","70.6",9,6,11,0,2,0
2025-07-18,110,6355,9,597,8,1,4,14,0,0,0,0,0,"NA",0,"0.0",0,"NA",0,0,0,1,9,"90.0",26,5,2,349,"88.1","79.3",0,3,11,0,1,0
2025-07-18,110,6349,16,1438,16,0,2,22,0,0,0,1,0,"1438.0",6,"40.0",5,"18.5",6,17,0,1,11,"61.1",17,0,10,547,"79.2","71.3",4,21,10,1,0,0
2025-07-18,116,6481,9,237,3,6,3,5,0,0,0,0,0,"NA",0,"NA",0,"0.0",0,1,0,0,3,"75.0",8,0,3,44,"69.8","54.5",1,2,7,0,1,0
2025-07-18,116,6461,15,971,11,4,8,18,0,0,0,1,0,"971.0",4,"36.4",3,"13.0",1,12,0,2,12,"70.6",2,0,1,341,"80.4","65.1",6,16,13,0,1,0
2025-07-18,116,6455,13,795,10,3,5,13,0,0,0,0,0,"NA",2,"66.7",1,"14.3",1,1,0,0,16,"69.6",47,6,7,255,"78.0","60.4",3,1,13,0,2,0
2025-07-18,116,6465,9,678,7,2,1,11,0,0,0,0,0,"NA",1,"20.0",0,"0.0",0,1,0,0,10,"58.8",10,3,14,214,"75.6","64.2",3,7,17,0,2,0
2025-07-18,116,6477,0,0,0,0,0,0,0,0,0,0,0,"NA",0,"NA",0,"NA",0,0,0,0,0,"NA",0,0,0,0,"NA","NA",0,0,0,0,0,0
2025-07-18,116,6454,15,1305,15,0,1,20,40,4,8,0,0,"NA",0,"NA",0,"NA",0,0,0,0,0,"NA",14,0,0,234,"63.1","28.3",0,10,0,0,1,0
2025-07-18,116,6467,11,574,6,5,5,11,0,0,0,1,0,"574.0",3,"75.0",2,"22.2",1,1,0,3,7,"41.2",14,0,9,180,"79.6","65.4",8,2,11,0,4,0
2025-07-18,116,6425,11,573,5,6,1,5,0,0,0,1,0,"573.0",1,"33.3",4,"19.0",0,3,0,0,1,"100.0",13,1,3,181,"84.6","72.6",1,22,7,0,0,0
2025-07-18,116,6473,9,474,6,3,5,6,0,0,0,0,0,"NA",0,"0.0",0,"NA",1,1,1,0,12,"75.0",6,4,5,181,"85.4","82.7",6,15,5,0,2,0
2025-07-18,116,6463,15,1152,13,2,5,19,0,0,0,0,0,"NA",0,"0.0",1,"33.3",0,7,0,0,6,"50.0",17,4,13,446,"83.1","70.7",2,6,16,0,2,0
2025-07-18,116,6470,16,1440,16,0,0,25,0,0,0,1,1,"1440.0",1,"20.0",1,"50.0",0,3,0,0,17,"63.0",93,8,15,654,"85.9","75.0",6,8,20,0,2,0
2025-07-18,116,6458,15,762,7,8,2,17,0,0,0,0,0,"NA",1,"50.0",1,"50.0",1,5,0,0,7,"63.6",10,1,5,255,"81.5","73.3",2,7,19,0,3,0
2025-07-18,116,6464,15,1342,15,0,1,21,0,0,0,0,0,"NA",0,"0.0",0,"0.0",0,2,0,0,12,"63.2",99,8,9,633,"79.3","59.2",6,17,14,1,4,0
2025-07-18,116,6466,13,302,1,12,1,5,0,0,0,0,0,"NA",1,"33.3",0,"0.0",0,1,1,3,1,"25.0",2,0,1,36,"65.5","55.0",0,23,20,0,3,0
2025-07-18,116,6456,9,452,4,5,1,6,0,0,0,0,0,"NA",1,"100.0",0,"0.0",0,0,0,0,5,"55.6",37,1,3,233,"82.0","65.7",1,7,5,0,0,0
2025-07-18,116,6474,0,0,0,0,0,0,0,0,0,0,0,"NA",0,"NA",0,"NA",0,0,0,0,0,"NA",0,0,0,0,"NA","NA",0,0,0,0,0,0
2025-07-18,116,6468,7,395,3,4,0,10,0,0,0,0,0,"NA",0,"NA",0,"0.0",0,1,0,1,3,"50.0",12,3,4,166,"77.6","63.4",3,2,2,0,1,0
2025-07-18,116,6593,11,555,7,4,5,13,0,0,0,1,1,"555.0",3,"60.0",3,"17.6",0,6,0,0,12,"48.0",15,0,5,179,"74.6","58.7",11,13,16,1,3,0
2025-07-18,116,6459,16,1153,14,2,9,19,0,0,0,4,0,"288.3",6,"75.0",3,"11.5",1,6,0,3,16,"69.6",12,0,7,195,"71.2","59.7",11,24,14,0,3,0
2025-07-18,116,6594,9,350,3,6,3,8,0,0,0,1,0,"350.0",1,"33.3",2,"22.2",0,5,0,0,3,"60.0",14,1,3,54,"65.9","56.3",0,2,4,0,0,0
2025-07-18,116,6457,4,250,4,0,4,6,0,0,0,1,0,"250.0",2,"100.0",1,"25.0",0,1,0,0,5,"55.6",10,0,3,74,"72.5","57.1",0,4,3,0,1,0
2025-07-18,116,6475,5,21,0,5,0,1,0,0,0,0,0,"NA",0,"NA",0,"NA",0,0,0,0,0,"NA",0,0,0,7,"46.7","46.2",1,0,2,0,1,0
2025-07-18,116,6462,16,1019,12,4,12,17,0,0,0,2,1,"509.5",6,"42.9",3,"20.0",1,8,0,3,10,"76.9",1,0,9,197,"77.3","67.5",12,22,26,0,3,0
2025-07-18,116,6471,2,135,1,1,0,5,3,0,1,0,0,"NA",0,"NA",0,"NA",0,0,0,0,0,"NA",1,0,0,27,"60.0","23.5",0,0,0,0,0,0
2025-07-18,116,6480,0,0,0,0,0,0,0,0,0,0,0,"NA",0,"NA",0,"NA",0,0,0,0,0,"NA",0,0,0,0,"NA","NA",0,0,0,0,0,0
2025-07-18,116,6460,15,1145,14,1,6,17,0,0,0,3,0,"381.7",11,"61.1",0,"NA",3,6,1,10,3,"42.9",4,2,3,129,"79.1","75.4",5,23,37,0,0,0
2025-07-18,101,6042,15,1177,13,2,0,11,0,0,0,0,0,"NA",0,"0.0",0,"NA",0,3,0,0,11,"68.8",85,15,5,727,"88.4","74.2",2,12,4,0,0,0
2025-07-18,101,6030,14,810,10,4,7,9,0,0,0,0,0,"NA",0,"0.0",1,"12.5",1,4,0,0,11,"50.0",13,4,9,306,"90.3","81.5",6,7,7,0,1,0
2025-07-18,101,6031,10,662,7,3,2,8,0,0,0,0,0,"NA",0,"NA",0,"NA",1,2,0,0,3,"75.0",38,4,8,358,"89.5","72.0",0,12,9,0,2,0
2025-07-18,101,6033,13,856,10,3,4,7,0,0,0,0,0,"NA",0,"0.0",5,"41.7",1,4,0,0,17,"73.9",13,3,9,356,"81.7","71.0",6,9,7,0,1,0
2025-07-18,101,6047,5,21,0,5,0,0,0,0,0,0,0,"NA",0,"NA",0,"NA",0,1,0,0,1,"100.0",1,0,0,5,"50.0","62.5",0,0,3,0,1,0
2025-07-18,101,6050,17,1247,13,4,3,14,0,0,0,0,0,"NA",0,"0.0",2,"13.3",0,6,1,1,16,"80.0",49,4,8,485,"84.3","70.4",6,16,18,0,3,0
2025-07-18,101,6595,4,19,0,4,0,1,0,0,0,0,0,"NA",0,"NA",1,"100.0",0,0,0,0,0,"NA",0,0,0,11,"78.6","85.7",1,1,0,0,0,0
2025-07-18,101,6046,6,471,5,1,0,4,0,0,0,0,0,"NA",0,"NA",0,"NA",0,0,0,0,4,"100.0",34,3,2,207,"83.8","64.6",1,4,3,0,1,0
2025-07-18,101,6028,1,90,1,0,0,2,1,1,0,0,0,"NA",0,"NA",0,"NA",0,0,0,0,0,"NA",1,0,0,18,"78.3","42.9",0,0,0,0,0,0
2025-07-18,101,6044,17,1206,14,3,10,11,0,0,0,11,5,"109.6",22,"66.7",0,"0.0",3,14,1,6,8,"80.0",9,0,1,121,"63.7","59.3",7,13,28,0,1,0
2025-07-18,101,6045,3,117,1,2,1,0,0,0,0,0,0,"NA",1,"50.0",0,"NA",0,2,0,0,3,"75.0",1,0,0,42,"77.8","64.5",2,2,0,0,0,0
2025-07-18,101,6041,10,307,3,7,3,3,0,0,0,1,0,"307.0",5,"83.3",1,"33.3",0,2,0,0,1,"50.0",3,2,3,70,"73.7","68.4",3,6,1,0,0,0
2025-07-18,101,6052,17,1433,17,0,5,13,0,0,0,3,0,"477.7",4,"57.1",0,"0.0",0,10,1,4,30,"61.2",22,3,19,628,"88.2","78.1",10,33,28,0,9,0
2025-07-18,101,6048,8,267,2,6,2,5,0,0,0,0,0,"NA",0,"NA",1,"12.5",0,5,0,0,1,"50.0",6,2,3,52,"72.2","61.5",1,8,11,0,0,0
2025-07-18,101,6032,16,1379,15,1,0,15,0,0,0,1,0,"1379.0",6,"33.3",0,"0.0",1,10,0,0,19,"65.5",21,2,23,1035,"89.1","78.4",7,25,27,1,5,0
2025-07-18,101,6027,0,0,0,0,0,0,0,0,0,0,0,"NA",0,"NA",0,"NA",0,0,0,0,0,"NA",0,0,0,0,"NA","NA",0,0,0,0,0,0
2025-07-18,101,6035,14,1101,13,1,8,10,0,0,0,8,0,"137.6",14,"63.6",0,"0.0",3,10,1,7,8,"80.0",1,0,1,141,"73.4","65.7",7,26,17,0,0,0
2025-07-18,101,6037,0,0,0,0,0,0,0,0,0,0,0,"NA",0,"NA",0,"NA",0,0,0,0,0,"NA",0,0,0,0,"NA","NA",0,0,0,0,0,0
2025-07-18,101,6036,15,860,11,4,9,10,0,0,0,3,0,"286.7",7,"58.3",1,"11.1",2,21,1,2,12,"57.1",7,1,1,280,"83.6","76.7",11,36,11,0,0,1
2025-07-18,101,6038,0,0,0,0,0,0,0,0,0,0,0,"NA",0,"NA",0,"NA",0,0,0,0,0,"NA",0,0,0,0,"NA","NA",0,0,0,0,0,0
2025-07-18,101,6039,6,116,0,6,0,2,0,0,0,1,0,"116.0",2,"50.0",0,"NA",1,2,0,2,0,"NA",1,2,1,31,"88.6","86.4",2,0,1,0,0,0
2025-07-18,101,6029,12,248,2,10,2,3,0,0,0,0,0,"NA",0,"NA",0,"NA",0,1,0,1,4,"66.7",8,1,3,91,"85.0","78.9",5,4,1,0,0,0
2025-07-18,101,6040,8,671,8,0,2,7,0,0,0,0,0,"NA",0,"NA",0,"NA",0,1,0,0,0,"0.0",34,10,4,496,"89.4","71.5",1,7,6,0,0,0
2025-07-18,101,6596,1,16,0,1,0,0,0,0,0,0,0,"NA",0,"NA",0,"NA",0,0,0,0,0,"NA",0,0,0,7,"77.8","66.7",0,0,2,0,0,0
2025-07-18,101,6051,17,1504,17,0,9,15,0,0,0,4,0,"376.0",24,"47.1",16,"29.6",7,36,0,4,12,"63.2",18,0,6,645,"79.1","62.1",20,24,17,0,6,0
2025-07-18,101,6034,17,792,9,8,8,11,0,0,0,1,0,"792.0",4,"80.0",2,"40.0",0,10,0,3,8,"66.7",7,0,5,262,"84.5","79.6",6,24,22,1,4,0
2025-07-18,101,6049,16,1440,16,0,0,14,43,17,3,0,0,"NA",0,"NA",0,"NA",0,1,0,0,0,"NA",17,0,0,340,"73.6","28.8",1,1,0,0,3,0
2025-07-18,100,6024,1,1,0,1,0,0,0,0,0,0,0,"NA",0,"NA",0,"NA",0,0,0,0,0,"NA",0,0,0,0,"NA","NA",0,0,0,0,0,0
2025-07-18,100,6020,7,282,3,4,1,7,0,0,0,0,0,"NA",0,"0.0",2,"20.0",0,5,0,0,0,"0.0",5,1,3,119,"93.0","79.7",1,4,2,0,2,0
2025-07-18,100,6008,17,1446,17,0,7,22,0,0,0,8,1,"180.8",13,"50.0",1,"14.3",1,9,0,19,2,"66.7",9,2,2,115,"71.9","58.9",7,25,18,0,3,0
2025-07-18,100,6025,3,270,3,0,0,7,6,1,5,0,0,"NA",0,"NA",0,"NA",0,0,0,0,0,"NA",7,0,0,52,"57.8","16.1",0,0,0,0,0,0
2025-07-18,100,6597,2,41,0,2,0,0,0,0,0,0,0,"NA",0,"NA",0,"NA",0,0,0,0,0,"NA",0,0,0,3,"75.0","50.0",0,0,1,0,0,0
2025-07-18,100,6003,9,664,7,2,1,12,0,0,0,0,0,"NA",0,"NA",0,"0.0",0,2,0,0,9,"60.0",44,2,5,404,"87.6","77.3",3,8,10,0,4,0
2025-07-18,100,6007,14,1060,12,2,4,19,0,0,0,0,0,"NA",5,"38.5",3,"27.3",1,14,0,0,8,"80.0",9,1,6,52,"57.8","16.1",0,3,9,0,2,0
2025-07-18,100,6002,10,842,10,0,2,13,0,0,0,1,0,"842.0",1,"100.0",0,"NA",0,0,0,0,8,"100.0",51,6,3,523,"83.4","72.8",3,4,15,0,1,0
2025-07-18,100,6004,3,205,3,0,2,4,0,0,0,0,0,"NA",0,"NA",0,"NA",0,0,0,0,1,"100.0",11,2,3,386,"90.6","78.6",1,2,2,0,0,0
2025-07-18,100,6026,0,0,0,0,0,0,0,0,0,0,0,"NA",0,"NA",0,"NA",0,0,0,0,0,"NA",0,0,0,0,"NA","NA",0,0,0,0,0,0
2025-07-18,100,6013,13,782,9,4,4,12,0,0,0,0,0,"NA",0,"0.0",1,"33.3",1,4,0,0,11,"68.8",16,1,10,325,"76.7","70.8",10,13,27,1,4,0
2025-07-18,100,6015,16,1347,15,1,2,20,0,0,0,1,0,"1347.0",4,"22.2",1,"6.3",1,17,0,1,25,"71.4",15,2,11,320,"71.9","59.5",7,26,28,1,4,0
2025-07-18,100,6010,8,640,7,1,2,13,0,0,0,1,0,"640.0",2,"28.6",1,"8.3",1,5,0,1,5,"55.6",10,1,4,177,"79.4","63.8",4,9,10,0,0,0
2025-07-18,100,6005,9,323,4,5,2,6,0,0,0,0,0,"NA",0,"0.0",1,"50.0",0,6,0,0,0,"0.0",5,0,4,167,"88.4","84.4",0,6,5,0,0,1
2025-07-18,100,6022,14,932,11,3,7,12,0,0,0,0,0,"NA",1,"33.3",1,"7.1",0,2,1,0,8,"50.0",40,3,6,289,"84.8","74.7",6,16,14,0,2,0
2025-07-18,100,6012,13,930,11,2,4,9,0,0,0,1,0,"930.0",6,"54.5",1,"9.1",2,20,0,0,14,"77.8",4,1,4,324,"84.2","74.9",18,10,5,0,2,0
2025-07-18,100,6016,6,425,5,1,3,3,0,0,0,0,0,"NA",0,"NA",0,"NA",0,2,0,0,4,"80.0",29,2,5,189,"81.5","62.6",0,4,3,0,1,0
2025-07-18,100,6011,17,1308,14,3,2,22,0,0,0,1,0,"1308.0",1,"100.0",0,"0.0",0,4,0,1,13,"76.5",63,7,11,586,"80.7","64.9",6,11,14,0,3,0
2025-07-18,100,6018,1,15,0,1,0,0,0,0,0,0,0,"NA",0,"NA",0,"0.0",0,0,0,0,0,"NA",0,0,0,4,"80.0","57.1",0,0,0,0,0,0
2025-07-18,100,6014,0,0,0,0,0,0,0,0,0,0,0,"NA",0,"NA",0,"NA",0,0,0,0,0,"NA",0,0,0,0,"NA","NA",0,0,0,0,0,0
2025-07-18,100,6598,13,825,9,4,1,15,0,0,0,0,0,"NA",2,"40.0",0,"0.0",0,0,0,0,11,"57.9",48,6,7,337,"82.2","71.8",1,9,10,0,3,0
2025-07-18,100,6009,17,647,6,11,6,15,0,0,0,0,0,"NA",9,"60.0",2,"10.5",1,3,0,5,8,"80.0",4,2,5,82,"70.7","58.3",9,15,15,0,2,0
2025-07-18,100,6021,1,29,0,1,0,0,0,0,0,0,0,"NA",0,"NA",0,"NA",0,0,0,0,0,"NA",1,0,0,5,"71.4","60.0",0,1,0,0,0,0
2025-07-18,100,6019,10,452,4,6,1,10,0,0,0,0,0,"NA",2,"50.0",1,"50.0",2,7,0,0,10,"71.4",8,1,7,189,"77.1","71.4",3,16,9,0,3,0
2025-07-18,100,6017,14,463,3,11,3,4,0,0,0,1,0,"463.0",2,"66.7",3,"23.1",0,6,0,1,4,"50.0",5,2,4,77,"70.6","62.9",10,10,10,0,1,0
2025-07-18,100,6006,15,971,12,3,10,12,0,0,0,3,0,"323.7",8,"61.5",1,"12.5",0,8,0,4,11,"68.8",7,0,6,240,"81.1","68.3",7,9,10,0,2,0
2025-07-18,100,6001,11,691,8,3,3,11,0,0,0,0,0,"NA",0,"0.0",4,"30.8",2,3,0,2,9,"64.3",28,2,3,187,"75.7","67.9",5,13,10,0,1,0
2025-07-18,100,6000,14,1260,14,0,0,17,40,10,6,0,0,"NA",0,"NA",0,"NA",0,0,0,0,0,"NA",13,0,0,244,"65.8","19.4",0,5,0,0,1,0
2025-07-18,102,6198,6,220,3,3,3,3,0,0,0,0,0,"NA",0,"NA",0,"NA",1,2,0,0,4,"66.7",1,0,1,105,"89.0","81.4",3,1,4,0,1,0
2025-07-18,102,6196,1,68,0,1,0,0,3,0,2,0,0,"NA",0,"NA",0,"NA",0,0,0,0,0,"NA",3,0,0,15,"78.9","0.0",0,2,0,0,0,0
2025-07-18,102,6177,4,276,3,1,0,5,0,0,0,0,0,"NA",0,"NA",0,"NA",0,1,0,0,3,"60.0",16,3,2,111,"81.6","69.8",2,1,5,0,1,0
2025-07-18,102,6199,12,542,5,7,2,12,0,0,0,5,2,"108.4",7,"58.3",0,"0.0",1,6,0,6,0,"0.0",5,0,2,57,"70.4","63.5",0,8,7,0,1,0
2025-07-18,102,6184,5,198,2,3,1,5,0,0,0,0,0,"NA",0,"NA",0,"NA",1,0,0,0,2,"33.3",4,0,3,64,"86.5","83.3",1,2,1,0,0,0
2025-07-18,102,6186,7,491,6,1,5,8,0,0,0,1,0,"491.0",3,"75.0",1,"10.0",1,4,0,0,3,"60.0",2,1,2,84,"75.0","60.7",8,6,5,0,0,0
2025-07-18,102,6180,10,269,2,8,2,6,0,0,0,1,0,"269.0",1,"50.0",0,"0.0",1,2,1,1,1,"50.0",4,0,1,43,"68.3","56.3",4,5,4,0,1,0
2025-07-18,102,6190,14,918,11,3,8,15,0,0,0,2,0,"459.0",4,"36.4",2,"20.0",0,6,0,1,5,"71.4",5,0,1,215,"81.4","73.6",7,11,21,0,4,1
2025-07-18,102,6197,7,344,5,2,4,5,0,0,0,0,0,"NA",0,"0.0",1,"20.0",0,0,0,1,9,"60.0",9,1,0,92,"75.4","62.0",1,3,4,0,0,0
2025-07-18,102,6599,0,0,0,0,0,0,0,0,0,0,0,"NA",0,"NA",0,"NA",0,0,0,0,0,"NA",0,0,0,0,"NA","NA",0,0,0,0,0,0
2025-07-18,102,6189,15,967,12,3,11,14,0,0,0,0,0,"NA",3,"25.0",3,"23.1",2,10,0,5,9,"75.0",4,0,2,134,"79.8","72.1",7,17,21,0,5,0
2025-07-18,102,6175,11,833,10,1,1,13,15,12,4,0,0,"NA",0,"NA",0,"NA",0,1,0,0,0,"0.0",14,0,0,193,"71.0","20.8",0,0,0,0,0,0
2025-07-18,102,6183,13,649,7,6,7,8,0,0,0,0,0,"NA",6,"26.1",0,"0.0",1,12,1,1,12,"70.6",8,1,5,198,"80.8","68.2",12,7,12,0,1,0
2025-07-18,102,6181,7,344,3,4,1,7,0,0,0,0,0,"NA",2,"40.0",2,"25.0",0,6,0,0,3,"75.0",0,1,1,36,"56.3","50.0",1,6,6,0,1,0
2025-07-18,102,6185,10,838,9,1,0,15,0,0,0,0,0,"NA",1,"25.0",1,"33.3",0,4,0,1,14,"58.3",24,2,15,381,"87.4","78.4",5,8,10,0,0,0
2025-07-18,102,6178,15,1350,15,0,0,22,0,0,0,2,0,"675.0",3,"37.5",1,"50.0",0,4,0,0,7,"63.6",88,17,23,862,"84.1","73.0",3,9,7,0,1,0
2025-07-18,102,6600,0,0,0,0,0,0,0,0,0,0,0,"NA",0,"NA",0,"NA",0,0,0,0,0,"NA",0,0,0,0,"NA","NA",0,0,0,0,0,0
2025-07-18,102,6192,10,858,10,0,2,13,0,0,0,0,0,"NA",1,"33.3",0,"NA",0,0,0,1,5,"71.4",49,5,5,532,"86.6","74.0",1,5,6,0,0,0
2025-07-18,102,6191,14,946,10,4,5,16,0,0,0,4,1,"236.5",6,"50.0",4,"25.0",0,15,1,2,4,"57.1",10,2,6,251,"77.2","59.2",6,21,18,0,3,0
2025-07-18,102,6179,12,893,9,3,2,13,0,0,0,1,0,"893.0",3,"37.5",9,"29.0",1,6,0,1,22,"66.7",18,4,4,283,"74.9","66.0",2,9,17,0,3,1
2025-07-18,102,6188,2,11,0,2,0,0,0,0,0,0,0,"NA",0,"NA",0,"NA",0,0,0,0,0,"NA",0,0,0,1,"50.0","50.0",0,0,1,0,0,0
2025-07-18,102,6187,10,637,7,3,2,9,0,0,0,0,0,"NA",2,"40.0",3,"37.5",1,11,0,0,5,"71.4",9,2,3,253,"85.8","71.0",1,18,7,0,2,0
2025-07-18,102,6193,4,449,5,0,0,9,15,3,2,0,0,"NA",0,"NA",0,"NA",0,1,0,0,0,"NA",5,0,0,156,"77.2","25.5",1,1,1,0,1,1
2025-07-18,102,6541,7,284,3,4,1,5,0,0,0,0,0,"NA",0,"0.0",3,"15.8",0,4,0,0,2,"66.7",11,0,2,97,"77.0","59.8",1,1,5,2,0,0
2025-07-18,102,6601,14,817,10,4,6,11,0,0,0,1,0,"817.0",3,"42.9",1,"20.0",0,3,0,2,3,"37.5",8,2,6,96,"76.8","74.0",8,13,12,0,2,0
2025-07-18,102,6176,12,850,9,3,2,14,0,0,0,0,0,"NA",0,"0.0",4,"18.2",0,10,0,0,13,"61.9",25,4,12,305,"81.6","69.2",6,17,24,0,5,0
2025-07-18,102,6194,0,0,0,0,0,0,0,0,0,0,0,"NA",0,"NA",0,"NA",0,0,0,0,0,"NA",0,0,0,0,"NA","NA",0,0,0,0,0,0
2025-07-18,102,6182,13,977,12,1,2,18,0,0,0,0,0,"NA",5,"55.6",0,"0.0",0,1,0,0,7,"63.6",20,2,10,293,"85.9","76.8",5,23,14,0,0,1
2025-07-18,104,6234,10,855,10,0,1,8,0,0,0,1,0,"855.0",3,"50.0",0,"0.0",1,3,1,1,9,"50.0",70,6,9,244,"68.3","50.6",4,23,22,0,2,0
2025-07-18,104,6244,5,85,0,5,0,1,0,0,0,0,0,"NA",0,"NA",0,"0.0",0,0,0,0,1,"100.0",0,0,0,27,"77.1","71.4",1,1,1,0,0,0
2025-07-18,104,6228,1,3,0,1,0,0,0,0,0,0,0,"NA",0,"NA",0,"NA",0,0,0,0,0,"NA",0,0,0,1,"33.3","100.0",0,0,0,0,0,0
2025-07-18,104,6230,13,1075,12,1,2,12,0,0,0,8,4,"134.4",15,"50.0",2,"16.7",1,11,1,2,6,"100.0",3,1,4,126,"59.7","55.2",10,16,16,0,1,0
2025-07-18,104,6245,14,1147,13,1,3,12,0,0,0,0,0,"NA",0,"0.0",0,"NA",0,0,0,2,8,"80.0",65,10,14,343,"84.1","64.4",0,30,17,2,5,0
2025-07-18,104,6421,2,180,2,0,0,2,2,1,0,0,0,"NA",0,"NA",0,"NA",0,0,0,0,0,"NA",2,0,0,34,"63.0","22.7",0,0,0,0,0,0
2025-07-18,104,6238,15,960,11,4,6,9,0,0,0,0,0,"NA",4,"50.0",4,"23.5",1,15,0,3,11,"52.4",11,0,9,229,"69.2","59.5",3,11,16,0,4,0
2025-07-18,104,6236,12,737,10,2,9,6,0,0,0,2,0,"368.5",5,"55.6",1,"11.1",1,12,0,0,11,"73.3",5,0,7,129,"67.9","60.8",12,8,13,0,2,0
2025-07-18,104,6224,14,1121,14,0,5,13,0,0,0,1,0,"1121.0",2,"18.2",7,"21.2",1,7,1,3,16,"61.5",34,2,12,197,"69.4","54.3",8,20,16,0,2,1
2025-07-18,104,6227,15,1306,15,0,3,14,0,0,0,1,0,"1306.0",6,"46.2",0,"0.0",0,6,0,0,14,"46.7",23,5,13,286,"75.1","67.1",12,19,22,1,3,0
2025-07-18,104,6231,14,591,6,8,6,6,0,0,0,2,0,"295.5",5,"50.0",2,"50.0",1,3,0,1,5,"38.5",3,0,4,83,"64.8","60.0",9,6,3,0,0,0
2025-07-18,104,6241,16,524,4,12,4,10,0,0,0,2,0,"262.0",6,"75.0",3,"17.6",2,8,0,1,7,"58.3",5,3,8,103,"76.3","60.6",4,14,15,0,0,0
2025-07-18,104,6422,0,0,0,0,0,0,0,0,0,0,0,"NA",0,"NA",0,"NA",0,0,0,0,0,"NA",0,0,0,0,"NA","NA",0,0,0,0,0,0
2025-07-18,104,6242,0,0,0,0,0,0,0,0,0,0,0,"NA",0,"NA",0,"NA",0,0,0,0,0,"NA",0,0,0,0,"NA","NA",0,0,0,0,0,0
2025-07-18,104,6237,12,396,3,9,4,3,0,0,0,2,0,"198.0",5,"62.5",1,"50.0",0,3,0,0,2,"66.7",7,3,1,65,"60.7","58.5",2,7,8,0,1,0
2025-07-18,104,6246,13,1170,13,0,0,13,24,10,5,0,0,"NA",0,"NA",0,"NA",0,1,0,0,0,"NA",14,0,0,156,"51.7","25.8",0,4,0,0,1,0
2025-07-18,104,6225,10,564,5,5,1,6,0,0,0,0,0,"NA",0,"0.0",0,"0.0",1,2,0,0,4,"80.0",44,4,4,142,"80.2","63.0",0,10,13,0,4,0
2025-07-18,104,6233,13,1080,12,1,1,12,0,0,0,1,0,"1080.0",4,"80.0",7,"50.0",2,14,0,0,9,"52.9",56,7,8,355,"70.4","61.3",0,17,10,0,1,0
2025-07-18,104,6235,6,123,1,5,1,3,0,0,0,1,0,"123.0",1,"50.0",0,"0.0",0,0,0,0,2,"100.0",3,0,2,30,"78.9","65.2",1,1,1,0,0,0
2025-07-18,104,6423,11,650,6,5,1,9,0,0,0,1,0,"650.0",4,"44.4",2,"40.0",1,7,0,0,15,"75.0",15,1,6,204,"78.2","71.5",3,0,18,0,3,0
2025-07-18,104,6243,12,919,10,2,3,10,0,0,0,0,0,"NA",0,"0.0",10,"27.8",3,9,1,0,15,"57.7",26,3,10,188,"71.8","57.4",1,19,24,0,3,0
2025-07-18,104,6232,9,686,8,1,3,9,0,0,0,0,0,"NA",0,"0.0",4,"19.0",0,2,0,4,10,"76.9",15,1,2,108,"66.7","52.6",2,6,10,0,1,0
2025-07-18,108,6311,10,566,8,2,8,6,0,0,0,0,0,"NA",4,"50.0",0,"0.0",2,2,0,2,3,"75.0",3,0,0,71,"65.7","57.5",2,6,15,0,0,0
2025-07-18,104,6240,3,154,2,1,2,3,0,0,0,0,0,"NA",0,"0.0",0,"NA",0,0,0,0,0,"NA",0,0,0,12,"63.2","61.1",0,0,4,0,1,0
2025-07-18,104,6229,9,366,4,5,4,6,0,0,0,1,0,"366.0",2,"33.3",0,"0.0",2,12,0,2,7,"70.0",2,0,1,90,"71.4","60.6",9,6,11,0,0,0
2025-07-18,106,6247,14,1260,14,0,0,21,0,0,0,0,0,"NA",0,"0.0",5,"23.8",3,19,1,1,25,"65.8",36,2,11,378,"77.1","59.4",8,25,26,0,2,0
2025-07-18,106,6250,12,590,5,7,5,12,0,0,0,1,0,"590.0",6,"75.0",0,"0.0",0,2,1,1,8,"80.0",6,1,3,88,"75.2","62.4",9,9,11,0,3,0
2025-07-18,106,6253,10,680,8,2,5,14,0,0,0,0,0,"NA",2,"25.0",2,"40.0",0,8,0,0,2,"50.0",1,0,5,262,"87.6","81.8",5,6,6,0,1,0
2025-07-18,106,6263,0,0,0,0,0,0,0,0,0,0,0,"NA",0,"NA",0,"NA",0,0,0,0,0,"NA",0,0,0,0,"NA","NA",0,0,0,0,0,0
2025-07-18,106,6252,14,1173,13,1,3,19,0,0,0,4,0,"293.3",10,"41.7",0,"0.0",2,9,0,7,2,"50.0",7,0,5,113,"64.9","55.6",5,25,23,0,4,0
2025-07-18,106,6262,9,355,5,4,3,9,0,0,0,0,0,"NA",0,"0.0",0,"0.0",0,1,0,0,6,"85.7",21,1,4,177,"78.7","55.6",2,4,10,0,1,1
2025-07-18,106,6264,10,415,4,6,2,8,0,0,0,5,2,"83.0",9,"52.9",0,"0.0",0,6,0,1,3,"50.0",6,0,3,47,"62.7","50.0",3,9,9,0,1,0
2025-07-18,106,6255,13,1005,11,2,0,15,0,0,0,0,0,"NA",1,"16.7",0,"NA",1,2,0,0,3,"50.0",63,9,10,391,"78.2","56.1",2,8,9,0,0,1
2025-07-18,106,6258,0,0,0,0,0,0,0,0,0,0,0,"NA",0,"NA",0,"NA",0,0,0,0,0,"NA",0,0,0,0,"NA","NA",0,0,0,0,0,0
2025-07-18,106,6267,12,843,11,1,8,12,0,0,0,0,0,"NA",0,"0.0",0,"NA",0,1,0,0,7,"38.9",18,2,26,273,"86.9","77.4",2,14,16,0,4,0
2025-07-18,106,6417,1,53,1,0,1,0,0,0,0,0,0,"NA",0,"NA",0,"NA",0,0,0,0,1,"50.0",0,0,0,34,"91.9","83.3",0,1,1,0,0,0
2025-07-18,106,6257,11,510,5,6,6,6,0,0,0,1,0,"510.0",2,"66.7",1,"25.0",1,0,0,0,3,"100.0",3,1,4,83,"74.1","69.9",3,8,14,0,1,0
2025-07-18,106,6249,13,788,8,5,2,16,0,0,0,0,0,"NA",0,"NA",0,"NA",0,1,0,0,12,"75.0",15,4,8,216,"84.0","77.9",2,7,17,0,3,1
2025-07-18,106,6251,6,305,3,3,1,6,0,0,0,0,0,"NA",0,"NA",0,"NA",0,0,0,0,2,"28.6",6,0,2,94,"83.9","77.4",1,1,2,0,0,0
2025-07-18,106,6254,11,787,10,1,4,14,0,0,0,1,1,"787.0",9,"69.2",3,"30.0",1,8,0,7,3,"75.0",4,0,2,104,"69.3","60.5",16,14,6,0,0,0
2025-07-18,106,6266,12,442,4,8,2,5,0,0,0,0,0,"NA",0,"0.0",4,"30.8",0,6,0,1,8,"80.0",2,0,4,52,"61.9","57.1",5,13,22,0,2,1
2025-07-18,106,6256,2,94,2,0,2,3,0,0,0,0,0,"NA",0,"NA",0,"NA",0,0,0,0,1,"100.0",1,1,1,9,"69.2","80.0",0,1,0,0,0,0
2025-07-18,106,6260,11,896,10,1,2,11,0,0,0,1,0,"896.0",3,"30.0",0,"NA",0,1,1,0,7,"77.8",39,1,9,301,"77.0","61.5",1,6,6,0,0,0
2025-07-18,106,6261,0,0,0,0,0,0,0,0,0,0,0,"NA",0,"NA",0,"NA",0,0,0,0,0,"NA",0,0,0,0,"NA","NA",0,0,0,0,0,0
2025-07-18,106,6259,12,1079,12,0,0,16,0,0,0,0,0,"NA",0,"0.0",19,"25.0",2,23,0,0,13,"65.0",27,2,17,327,"77.9","57.8",20,20,13,0,1,1
2025-07-18,106,6248,14,1254,14,0,1,21,0,0,0,2,0,"627.0",2,"40.0",0,"NA",0,4,0,0,8,"50.0",59,9,13,469,"78.4","61.7",6,15,16,1,1,0
2025-07-18,106,6265,14,1260,14,0,0,212,34,15,1,0,0,"NA",0,"NA",0,"NA",0,0,0,0,1,"50.0",5,0,0,239,"64.9","29.0",0,3,0,0,4,0
2025-07-18,108,6292,4,286,3,1,0,7,10,2,0,0,0,"NA",0,"NA",0,"NA",0,0,0,0,0,"NA",2,0,0,59,"78.7","28.6",0,0,0,0,0,0
2025-07-18,108,6316,13,1154,13,0,1,17,31,7,9,0,0,"NA",0,"NA",0,"NA",0,0,0,0,0,"NA",17,0,0,215,"63.2","29.9",0,5,1,1,1,0
2025-07-18,108,6299,9,558,7,2,4,10,0,0,0,0,0,"NA",0,"0.0",0,"0.0",0,3,0,0,3,"50.0",0,0,8,122,"73.5","66.0",10,20,18,0,3,0
2025-07-18,108,6307,10,805,9,1,2,14,0,0,0,0,0,"NA",1,"100.0",1,"12.5",0,2,0,0,12,"63.2",21,4,11,263,"81.2","66.9",3,8,14,0,4,0
2025-07-18,108,6310,5,168,2,3,2,6,0,0,0,0,0,"NA",0,"0.0",0,"0.0",0,2,0,1,3,"100.0",5,0,1,58,"84.1","67.9",1,3,3,0,2,0
2025-07-18,108,6303,1,73,1,0,1,0,0,0,0,0,0,"NA",0,"0.0",0,"0.0",0,1,0,0,0,"0.0",2,1,0,17,"73.9","42.9",0,0,1,0,0,0
2025-07-18,108,6314,8,192,2,6,3,7,0,0,0,0,0,"NA",0,"NA",0,"0.0",0,0,0,0,0,"NA",2,1,1,22,"64.7","40.9",3,1,10,0,3,0
2025-07-18,108,6297,4,75,0,4,0,1,0,0,0,0,0,"NA",0,"NA",1,"16.7",0,1,0,1,0,"100.0",0,0,0,14,"82.4","53.3",2,2,2,0,0,0
2025-07-18,108,6296,15,783,7,8,4,9,0,0,0,1,0,"783.0",2,"28.6",6,"26.1",0,10,0,5,1,"50.0",13,1,1,178,"84.8","75.0",9,10,8,0,0,0
2025-07-18,108,6294,16,1440,16,0,0,24,0,0,0,0,0,"NA",1,"100.0",0,"0.0",0,5,0,0,4,"66.7",75,19,9,621,"86.9","64.4",2,8,24,0,6,0
2025-07-18,108,6308,14,956,10,4,2,18,0,0,0,0,0,"NA",1,"16.7",0,"NA",0,1,0,0,9,"50.0",35,12,1,514,"92.1","80.2",6,7,9,1,1,0
2025-07-18,108,6301,0,0,0,0,0,0,0,0,0,0,0,"NA",0,"NA",0,"NA",0,0,0,0,0,"NA",0,0,0,0,"NA","NA",0,0,0,0,0,0
2025-07-18,108,6293,9,608,8,1,6,13,0,0,0,0,0,"NA",0,"NA",1,"50.0",0,1,0,2,4,"57.1",26,2,4,263,"86.8","71.7",3,3,8,0,2,0
2025-07-18,108,6304,12,918,11,1,7,11,0,0,0,0,0,"NA",0,"0.0",0,"0.0",2,10,0,0,10,"62.5",12,3,9,322,"87.3","83.4",7,11,18,0,2,0
2025-07-18,108,6318,0,0,0,0,0,0,0,0,0,0,0,"NA",0,"NA",0,"NA",0,0,0,0,0,"NA",0,0,0,0,"NA","NA",0,0,0,0,0,0
2025-07-18,108,6312,15,1290,15,0,2,21,0,0,0,0,0,"NA",1,"20.0",11,"26.8",4,20,1,4,24,"58.5",32,3,11,434,"81.6","60.5",6,22,24,0,5,0
2025-07-18,108,6309,16,1409,16,0,2,23,0,0,0,1,1,"1409.0",9,"47.4",3,"23.1",1,16,0,0,10,"83.3",16,2,4,423,"84.1","74.1",15,18,19,0,5,0
2025-07-18,108,6313,6,274,3,3,3,6,0,0,0,0,0,"NA",0,"NA",1,"100.0",1,1,0,0,6,"60.0",5,0,1,90,"76.3","75.9",5,9,8,1,1,0
2025-07-18,108,6295,13,646,7,6,3,17,0,0,0,0,0,"NA",0,"0.0",1,"25.0",0,2,0,0,8,"80.0",7,3,1,221,"82.5","72.5",5,3,7,0,2,0
2025-07-18,108,6315,7,372,5,2,5,5,0,0,0,0,0,"NA",0,"NA",0,"NA",0,1,0,0,0,"0.0",3,1,4,158,"91.9","91.2",0,4,9,0,0,0
2025-07-18,108,6298,10,259,1,9,1,8,0,0,0,2,0,"129.5",6,"75.0",0,"0.0",0,2,1,0,2,"66.7",1,0,0,23,"65.7","51.9",2,3,5,0,0,0
2025-07-18,108,6300,12,993,11,1,2,11,0,0,0,1,0,"993.0",5,"41.7",0,"0.0",0,16,0,1,10,"58.8",3,0,1,341,"87.4","80.6",14,10,8,0,1,0
2025-07-18,101,6036,16,1354,15,1,4,21,0,0,0,6,0,"225.7",19,"65.5",1,"16.7",0,6,0,19,8,"53.3",14,1,2,170,"72.3","61.8",10,29,20,0,3,0
2025-07-18,108,6305,7,379,5,2,3,5,0,0,0,0,0,"NA",0,"NA",0,"NA",0,1,0,0,6,"66.7",27,5,7,113,"76.4","55.8",1,2,1,0,2,0
2025-07-18,108,6306,11,693,7,4,2,7,0,0,0,2,0,"346.5",3,"60.0",1,"7.7",0,4,0,5,14,"70.0",26,2,10,201,"81.7","70.2",7,25,11,0,2,0
2025-07-18,108,6311,10,566,8,2,8,6,0,0,0,0,0,"NA",4,"50.0",0,"0.0",2,2,0,2,3,"75.0",3,0,0,71,"65.7","57.5",2,6,15,0,0,0
2025-07-18,109,6319,11,990,11,0,0,18,23,6,6,0,0,"NA",0,"NA",0,"NA",0,0,0,0,0,"NA",12,0,0,202,"76.2","36.8",0,2,0,0,2,0
2025-07-18,109,6338,11,593,6,5,0,7,0,0,0,1,0,"593.0",8,"61.5",10,"38.5",0,15,0,4,5,"83.3",3,1,3,153,"79.3","65.6",17,14,7,0,1,1
2025-07-18,109,6337,7,580,7,0,2,6,0,0,0,2,0,"290.0",5,"45.5",0,"0.0",0,4,0,4,1,"25.0",0,0,0,57,"79.2","74.5",0,13,11,0,1,1
2025-07-18,109,6328,8,462,5,3,1,8,0,0,0,0,0,"NA",0,"0.0",2,"40.0",0,4,0,1,0,"0.0",19,2,2,240,"87.9","78.4",3,3,2,0,0,0
2025-07-18,109,6602,3,197,3,0,3,2,0,0,0,0,0,"NA",2,"66.7",0,"0.0",1,3,0,0,1,"100.0",1,1,0,56,"81.2","79.6",0,1,1,0,1,0
2025-07-18,109,6342,9,568,7,2,4,6,0,0,0,3,0,"189.3",6,"60.0",0,"0.0",0,3,0,1,5,"62.5",9,0,0,38,"55.1","48.0",5,13,20,0,1,0
2025-07-18,109,6321,16,1423,16,0,1,23,0,0,0,0,0,"NA",0,"0.0",0,"0.0",0,2,0,1,10,"55.6",78,10,10,990,"90.4","76.8",1,8,15,1,4,0
2025-07-18,109,6330,2,91,1,1,0,3,0,0,0,0,0,"NA",0,"0.0",0,"NA",0,0,0,0,3,"60.0",0,0,0,46,"92.0","86.2",1,0,1,0,0,0
2025-07-18,109,6320,16,1408,16,0,3,20,0,0,0,1,0,"1408.0",3,"37.5",2,"20.0",0,17,0,0,23,"71.9",18,5,18,643,"88.8","80.0",6,11,30,0,6,0
2025-07-18,109,6326,16,1406,16,0,3,23,0,0,0,3,0,"468.7",9,"56.3",13,"28.3",3,17,0,0,10,"55.6",8,1,4,307,"79.1","67.4",20,9,10,0,1,0
2025-07-18,109,6324,16,1296,15,1,7,18,0,0,0,2,0,"648.0",7,"35.0",2,"28.6",0,9,0,1,12,"54.5",9,1,14,498,"87.8","81.0",15,18,17,0,3,0
2025-07-18,109,6335,11,512,4,7,1,9,0,0,0,0,0,"NA",0,"0.0",0,"0.0",0,1,0,0,6,"85.7",27,3,7,288,"88.6","80.8",0,8,7,0,0,0
2025-07-18,104,6241,15,520,4,11,4,10,0,0,0,2,0,"260.0",6,"75.0",3,"17.6",2,8,0,1,7,"58.3",5,3,8,102,"76.7","61.1",4,14,15,0,0,0
2025-07-18,109,6332,9,323,3,6,2,10,0,0,0,0,0,"NA",1,"20.0",0,"0.0",0,1,0,1,4,"80.0",5,0,2,92,"83.6","79.4",1,3,10,1,2,0
2025-07-18,109,6322,15,1286,15,0,1,19,0,0,0,1,0,"1286.0",1,"50.0",5,"33.3",1,6,0,0,20,"66.7",47,4,9,629,"87.1","77.5",9,14,19,1,3,0
2025-07-18,111,6538,6,226,2,4,2,6,0,0,0,0,0,"NA",1,"50.0",0,"NA",0,1,0,1,0,"NA",3,0,0,22,"78.6","66.7",1,7,7,0,1,0
2025-07-18,109,6341,NA,NA,NA,NA,NA,NA,NA,NA,NA,NA,NA,NA,NA,NA,NA,NA,NA,NA,NA,NA,NA,NA,NA,NA,NA,NA,NA,NA,NA,NA,NA,NA,NA,NA
2025-07-18,109,6333,NA,NA,NA,NA,NA,NA,NA,NA,NA,NA,NA,NA,NA,NA,NA,NA,NA,NA,NA,NA,NA,NA,NA,NA,NA,NA,NA,NA,NA,NA,NA,NA,NA,NA
2025-07-18,109,6603,NA,NA,NA,NA,NA,NA,NA,NA,NA,NA,NA,NA,NA,NA,NA,NA,NA,NA,NA,NA,NA,NA,NA,NA,NA,NA,NA,NA,NA,NA,NA,NA,NA,NA
2025-07-18,109,6339,NA,NA,NA,NA,NA,NA,NA,NA,NA,NA,NA,NA,NA,NA,NA,NA,NA,NA,NA,NA,NA,NA,NA,NA,NA,NA,NA,NA,NA,NA,NA,NA,NA,NA
2025-07-18,109,6334,NA,NA,NA,NA,NA,NA,NA,NA,NA,NA,NA,NA,NA,NA,NA,NA,NA,NA,NA,NA,NA,NA,NA,NA,NA,NA,NA,NA,NA,NA,NA,NA,NA,NA
2025-07-18,109,NA,NA,NA,NA,NA,NA,NA,NA,NA,NA,NA,NA,NA,NA,NA,NA,NA,NA,NA,NA,NA,NA,NA,NA,NA,NA,NA,NA,NA,NA,NA,NA,NA,NA,NA
2025-07-18,109,NA,NA,NA,NA,NA,NA,NA,NA,NA,NA,NA,NA,NA,NA,NA,NA,NA,NA,NA,NA,NA,NA,NA,NA,NA,NA,NA,NA,NA,NA,NA,NA,NA,NA,NA
2025-07-18,109,NA,NA,NA,NA,NA,NA,NA,NA,NA,NA,NA,NA,NA,NA,NA,NA,NA,NA,NA,NA,NA,NA,NA,NA,NA,NA,NA,NA,NA,NA,NA,NA,NA,NA,NA
2025-07-18,109,NA,NA,NA,NA,NA,NA,NA,NA,NA,NA,NA,NA,NA,NA,NA,NA,NA,NA,NA,NA,NA,NA,NA,NA,NA,NA,NA,NA,NA,NA,NA,NA,NA,NA,NA
2025-07-18,109,NA,NA,NA,NA,NA,NA,NA,NA,NA,NA,NA,NA,NA,NA,NA,NA,NA,NA,NA,NA,NA,NA,NA,NA,NA,NA,NA,NA,NA,NA,NA,NA,NA,NA,NA
2025-07-18,NA,NA,NA,NA,NA,NA,NA,NA,NA,NA,NA,NA,NA,NA,NA,NA,NA,NA,NA,NA,NA,NA,NA,NA,NA,NA,NA,NA,NA,NA,NA,NA,NA,NA,NA,NA
2025-07-18,NA,NA,NA,NA,NA,NA,NA,NA,NA,NA,NA,NA,NA,NA,NA,NA,NA,NA,NA,NA,NA,NA,NA,NA,NA,NA,NA,NA,NA,NA,NA,NA,NA,NA,NA,NA
2025-07-18,NA,NA,NA,NA,NA,NA,NA,NA,NA,NA,NA,NA,NA,NA,NA,NA,NA,NA,NA,NA,NA,NA,NA,NA,NA,NA,NA,NA,NA,NA,NA,NA,NA,NA,NA,NA
2025-07-18,NA,NA,NA,NA,NA,NA,NA,NA,NA,NA,NA,NA,NA,NA,NA,NA,NA,NA,NA,NA,NA,NA,NA,NA,NA,NA,NA,NA,NA,NA,NA,NA,NA,NA,NA,NA
2025-07-18,NA,NA,NA,NA,NA,NA,NA,NA,NA,NA,NA,NA,NA,NA,NA,NA,NA,NA,NA,NA,NA,NA,NA,NA,NA,NA,NA,NA,NA,NA,NA,NA,NA,NA,NA,NA
2025-07-18,NA,NA,NA,NA,NA,NA,NA,NA,NA,NA,NA,NA,NA,NA,NA,NA,NA,NA,NA,NA,NA,NA,NA,NA,NA,NA,NA,NA,NA,NA,NA,NA,NA,NA,NA,NA
2025-07-18,NA,NA,NA,NA,NA,NA,NA,NA,NA,NA,NA,NA,NA,NA,NA,NA,NA,NA,NA,NA,NA,NA,NA,NA,NA,NA,NA,NA,NA,NA,NA,NA,NA,NA,NA,NA
